Name,Label
Prospero Bonarelli,author
Fulvio Genga,author
Pietro Metastasio,author
Nicolò Minato,author
Scipione di Manzano,author
Antonio Decio,author
Nicolò Minato,author
nan,author
Antonio Salvi,author
Alfonso Cavazzi,author
Alberto Lollio,author
Marcello Macedonio,author
Gian Matteo Giannini,author
Pier Jacopo Martello,author
Luigi Groto,author
Nicolò Minato,author
Pietro Metastasio,author
Giovanni Camillo Canzachi,author
Carlo Maria Maggi,author
Tranquillo Ambrosini,author
Donato Cupeda,author
Bernardino Pino da Cagli,author
Alfonso Romei,author
Ettore Nini,author
Antonio Zaniboni,author
unknown,author
Luisa Bergalli,author
Girolamo Bartolommei,author
Carlo Turco,author
Giovanni Angelo Lottini,author
unknown,author
unknown,author
unknown,author
Vincenzo Grimani,author
Girolamo Giustiniani,author
unknown,author
Bernardino Campello,author
Giuseppe Maria Buini,author
Antonio Ongaro,author
Prospero Bonarelli,author
Donato Cupeda,author
Pier Jacopo Martello,author
Euripides,author
unknown,author
Antonio Marchi,author
Antonio Draghi,author
Ansaldo Cebà,author
Claudio Nicolà Stampa,author
Grazio Braccioli,author
unknown,author
Girolamo Frigimelica,author
Francesco Sbarra,author
Apostolo Zeno,author
Jean Racine,author
unknown,author
Prospero Bonarelli,author
Gian Matteo Giannini,author
Giulio Pancieri,author
Agostino Dolce,author
Giulio Pancieri,author
Cortese Cortesi,author
Bongianni Gratarolo,author
Niccolò Carbone,author
Francesco Andreini,author
Antonio Francesco Raineri,author
Antonio Buzzacarini,author
Guidubaldo Benamati,author
Apostolo Zeno,author
unknown,author
Francesco Silvani,author
Carlo Alessandro Guidi,author
unknown,author
Vincenzo Gramigna,author
Raffaello Borghini,author
unknown,author
Molière,author
Giovanni Pietro Candi,author
Giambattista Neri,author
Giovanni Villifranchi,author
Baldassarre Bonifacio,author
Bartolomeo Tortoletti,author
Francesco Maria Piccioli,author
Apostolo Zeno,author
Luigi Manzini,author
Giovanni Andrea Moniglia,author
Agostino Dolce,author
Cesare Cremonini,author
Alessandro Piccolomini,author
Ubaldino Malavolti,author
Apostolo Zeno,author
Carlo Sigismondo Capece,author
Giovanni Andrea Moniglia,author
Domenico Lalli,author
unknown,author
Francesco Passarini,author
Apostolo Zeno,author
Silvio Fiorillo,author
Giambattista Neri,author
Carlo Torre,author
unknown,author
Molière,author
Giacinto Andrea Cicognini,author
Jacopo Cicognini,author
Giuliano Gosellini,author
Francesco Sbarra,author
Michelangelo Boccardi,author
Nicolò Minato,author
Domenico Gisberti,author
unknown,author
Carlo Celano,author
Gabriello Chiabrera,author
Girolamo Preti,author
unknown,author
Giuseppe Berneri,author
unknown,author
Giovan Battista Fagiuoli,author
Giovan Battista Fagiuoli,author
Giovan Battista Fagiuoli,author
Pietro Antonio Bernardoni,author
Antonio Fineschi da Radda,author
Donato Cupeda,author
Giacinto Andrea Cicognini,author
Giovanni Cosimo Villifranchi,author
Francesco Sbarra,author
Aurelio Amalteo,author
unknown,author
unknown,author
Angelita Scaramuccia,author
Francesco Silvani,author
Andrea Barbazza,author
Valeria Miani,author
Francesco Bracciolini,author
Pietro Susini,author
Antonio Zaniboni,author
Angelo Beolco,author
Fabio Glissenti,author
unknown,author
Alfonso Cavazzi,author
unknown,author
Apostolo Zeno,author
Pietro Antonio Bernardoni,author
Giovanni Vincenzo Gravina,author
Fabio Glissenti,author
Pandolfo Collenuccio,author
Apostolo Zeno,author
Nicolò di Castelli,author
Nicola Giuseppe Prescimone,author
Fabrizio de Fornaris,author
Vincenzo Brusantini,author
unknown,author
Pietro Pariati,author
unknown,author
unknown,author
Alessandro Guidotti,author
Giovanni Francesco Savaro,author
Antonio Maria Lucchini,author
Benedetto Pasqualigo,author
Giovanni Battista Leoni,author
Apostolo Zeno,author
Pietro Paolo Bissari,author
Prospero Bonarelli,author
unknown,author
unknown,author
Giovanni Vincenzo Gravina,author
Ottavio Tronsarelli,author
unknown,author
Benedetto Marcello,author
unknown,author
Pietro Pariati,author
Carlo Celano,author
Lodovico Bartolaia,author
Carlo Celano,author
Luigi Giusti,author
Domenico Lalli,author
Ottavio Tronsarelli,author
Domenico Lalli,author
Ottavio Rinuccini,author
Vincenzo Giusti,author
Pietro Antonio Bernardoni,author
Angelo  Schietti,author
Pietro Pariati,author
Claudio Nicolà Stampa,author
Lorenzino de' Medici,author
Antonio Salvi,author
Giuseppe Amati,author
Luigi Manzini,author
Carlo de' Dottori,author
Nicolò Minato,author
Giovanni Bonicelli,author
Giovanni Cosimo Villifranchi,author
Francesco Silvani,author
Francesco Silvani,author
Giovanni Palazzi,author
Giuseppe Maria Buini,author
unknown,author
Orazio Persio,author
Grazio Braccioli,author
Antonio Salvi,author
Pietro Antonio Bernardoni,author
Francesco Bracciolini,author
Francesco Silvani,author
Donato Cupeda,author
Antonio Salvi,author
Antonio Zaniboni,author
Domenico Lalli,author
Grazio Braccioli,author
Antonio Marchi,author
Bartolomeo Vitturi,author
Apostolo Zeno,author
Pietro Metastasio,author
Girolamo Baruffaldi,author
Giulio Agosti,author
Francesco Silvani,author
unknown,author
Giacomo Castellani,author
Giovanni Ondedei,author
Pietro Antonio Bernardoni,author
unknown,author
Giovanni Maria Cecchi,author
Apostolo Zeno,author
Giovanni Villifranchi,author
Giulio Cesare Sorrentino,author
Giovan Battista Fagiuoli,author
Rannuzio Pallavicino,author
unknown,author
Nicolò Minato,author
Antonio Zaniboni,author
Nicolò Minato,author
Jean Racine,author
unknown,author
Giovanni Battista Manzini,author
Nicolò di Castelli,author
Antonio Salvi,author
Giovan Battista Fagiuoli,author
Ottavio Tronsarelli,author
Nicolò Minato,author
Luisa Bergalli,author
Giambattista Basile,author
Nicolò Minato,author
unknown,author
Michelangelo Boccardi,author
Fabio Glissenti,author
Jean Racine,author
unknown,author
Agostino Piovene,author
Nicolò Minato,author
Girolamo Gigli,author
Silvano Razzi,author
unknown,author
Giulio Cesare Croce,author
Paolo Antonio Valmarana,author
Domenico Gisberti,author
unknown,author
Giovanni Angelo Lottini,author
Apostolo Zeno,author
Buonafede Vitali,author
Ottavio Tronsarelli,author
Matteo Noris,author
Antonio Salvi,author
Jean Racine,author
Francesco Silvani,author
Benedetto Pasqualigo,author
Antonio Maria Lucchini,author
Giorgio Maria Rapparini,author
Francesco d'Ambra,author
Antonio Salvi,author
Carlo de' Dottori,author
Carlo Maria Maggi,author
Alessandro Sozzini,author
Luisa Bergalli,author
Luigi Riccoboni,author
Jean Racine,author
Jean Racine,author
Ferdinando Obizzi,author
Antonio Buzzacarini,author
Francesco Rossi,author
Giacomo Antonio Bergamori,author
Giuseppe Domenico de Totis,author
Silvio Stampiglia,author
Apostolo Zeno,author
Pietro Pariati,author
Pietro Pariati,author
Carlo Turco,author
Grazio Braccioli,author
Grazio Braccioli,author
Giovanni Battista Carminati,author
Giovanni Ambrogio Marini,author
Silvio Stampiglia,author
Domenico Regi,author
Giambattista Andreini,author
Bartolomeo Vitturi,author
Bartolomeo Vitturi,author
unknown,author
unknown,author
Francesco Maria Gasparri,author
unknown,author
unknown,author
Lodovico Dolce,author
Gigio Artemio Giancarli,author
unknown,author
Giambattista della Porta,author
Lelio Manfredi,author
Giovanni Villifranchi,author
Pietro Ottoboni,author
Nicola Serino,author
Ludovico Ariosto,author
unknown,author
Ottavio Tronsarelli,author
unknown,author
Girolamo Allè,author
Alessandro Donzellini,author
Pietro Metastasio,author
Giambattista Neri,author
Francesco Berni,author
Luigi Tansillo,author
unknown,author
Pietro Bonarelli della Rovere,author
Jacopo Cicognini,author
Giacomo Sinibaldi,author
Valeria Miani,author
"Francesco Scipione, marchese di Maffei",author
Orlando Pescetti,author
Pietro Paolo Carrara,author
Giacomo Francesco Bussani,author
Francesco Passarini,author
unknown,author
unknown,author
Giovan Battista Ricciardi,author
Carlo Celano,author
Carlo Celano,author
Giambattista della Porta,author
Nicolò Minato,author
Girolamo Allè,author
Nicolò Minato,author
Giovanni Claudio Pasquini,author
Apostolo Zeno,author
Giovan Battista Fagiuoli,author
Girolamo Frigimelica,author
Nicolò Minato,author
unknown,author
Marcello Giovanetti,author
Benedetto Pasqualigo,author
unknown,author
Pierre Corneille,author
Giambattista della Porta,author
Giovan Battista Fagiuoli,author
Silvio Stampiglia,author
Pietro Pariati,author
unknown,author
unknown,author
Pietro Metastasio,author
Giorgio Maria Rapparini,author
Nicolò di Castelli,author
unknown,author
Girolamo Frigimelica,author
Pietro Metastasio,author
Antonio Zaniboni,author
Vincenzo Cassani,author
Pietro Metastasio,author
Giovanni Dolfin,author
Carlo Torre,author
Francesco Pona,author
Giovanni Capponi,author
Girolamo Bartolommei,author
Girolamo Magagnati,author
Marcello Ferro,author
Antonio Draghi,author
Cesare Cremonini,author
Carlo Bentivoglio,author
Francesco Coli,author
Francesco d'Ambra,author
Virgilio Verucci,author
unknown,author
Francesco Silvani,author
Girolamo Frigimelica,author
Florido de Silvestris,author
Lodovico Bartolaia,author
Carlo Celano,author
Antonio Landi,author
Antonio Zaniboni,author
Fulvio Testi,author
Pietro Antonio Bernardoni,author
unknown,author
Donato Cupeda,author
Domenico Gisberti,author
Nicolò Minato,author
unknown,author
Francesco Sbarra,author
Muzio Manfredi,author
Giuseppe Berneri,author
Antonio Alamanni,author
Onofrio Giliberto,author
Cristoforo Ivanovich,author
Giovanni Biavi,author
Giovanni Maria Cecchi,author
Girolamo Frigimelica,author
Silvio Fiorillo,author
unknown,author
Apostolo Zeno,author
Pietro Antonio Bernardoni,author
unknown,author
Benedetto Mellini,author
Grazio Braccioli,author
Francesco Maria Piccioli,author
unknown,author
Giovanni Andrea Lorenzani,author
Giovanni Battista Faggi,author
Donato Cupeda,author
Paolo Bozi,author
Ottavio Tronsarelli,author
Gaspare Murtola,author
Nicolò Minato,author
Giovanni Dolfin,author
Aurelio Aureli,author
Giovanni Francesco Savaro,author
unknown,author
Girolamo Giustiniani,author
Giacomo Antonio Bergamori,author
unknown,author
Francesco Pona,author
unknown,author
Nicolò di Castelli,author
Girolamo Graziani,author
Agostino Piovene,author
Francesco De Lemene,author
Ottavio Rinuccini,author
Girolamo Frigimelica,author
Luigi Groto,author
unknown,author
Apostolo Zeno,author
Giovanni Angelo Lottini,author
Pietro Antonio Bernardoni,author
unknown,author
Leone Santi,author
Michele Brugueres,author
Felice Passero,author
Apostolo Zeno,author
Strozzi Cicogna,author
Giulio Strozzi,author
Nicolò Minato,author
Ercolano Ercolani,author
Pietro Metastasio,author
Giovanni Antonio Bianchi,author
Antonio Marchi,author
Giovanni Battista Recanati,author
Pietro Metastasio,author
Giovanni Claudio Pasquini,author
various authors,author
unknown,author
Francesco De Lemene,author
Raffaello Borghini,author
Pietro Metastasio,author
Giovan Battista Fagiuoli,author
Giovanni Briccio,author
Fabio Glissenti,author
unknown,author
Giovanni Granelli,author
Marco Guazzo,author
Francesco Sbarra,author
Francesco Sbarra,author
Nicolò di Castelli,author
unknown,author
Giovanni Briccio,author
Giovanni Maria Cecchi,author
Francesco Bosellini,author
Virgilio Verucci,author
Annibale Marchese,author
Giacinto Andrea Cicognini,author
unknown,author
Nicolò di Castelli,author
Giovanni Maria Cecchi,author
Isabetta Coreglia,author
Antonio Maria Lucchini,author
Giovanni Maria Cecchi,author
Annibale Marchese,author
Giovanni Francesco Savaro,author
Giuseppe Gorini Corio,author
Remìgio Nannini,author
Anton Giulio Brignole Sale,author
Giambattista Andreini,author
unknown,author
Apostolo Zeno,author
Giambattista della Porta,author
Aurelio Aureli,author
Giovanni Battista Pianelli,author
unknown,author
Niccolò Forteguerri,author
Giovanni Battista Rodoteo,author
Domenico Lalli,author
Niccolò Forteguerri,author
Lodovico Dolce,author
Michelangelo Carmeli,author
Stefano Benedetto Pallavicino,author
Girolamo Giustiniani,author
Pier Jacopo Martello,author
Girolamo Giustiniani,author
Pietro degli Angeli,author
Giovanni Andrea dell' Anguillara,author
Ettore Nini,author
Fabio Glissenti,author
Lorenzo Longo,author
Carlo Celano,author
unknown,author
Gasparo Gozzi,author
Ercolano Ercolani,author
Pietro Pariati,author
Domenico Lalli,author
Nicolò Minato,author
Vincenzo Grimani,author
Vincenzo Giusti,author
Francesco Rasi,author
Giovanni Francesco Savaro,author
Luigi Groto,author
unknown,author
Francesco De Lemene,author
Pietro Antonio Bernardoni,author
Pietro Metastasio,author
Nicolò Minato,author
Apostolo Zeno,author
Apostolo Zeno,author
Carlo Goldoni,author
Antonio Salvi,author
unknown,author
Pierre Corneille,author
Ettore Nini,author
Bernardo Morando,author
Ettore Nini,author
Ercolano Ercolani,author
Bartolomeo Vitturi,author
Francesco Passarini,author
Pietro Paolo Bissari,author
Girolamo Parabosco,author
Francesco Maria Piccioli,author
Annibale Marchese,author
Vincenzo Giusti,author
Francesco Sbarra,author
Cataldo Antonio Mannarino,author
unknown,author
Pio Enea II Obizzi,author
Francesco Bracciolini,author
Francesco Maria Piccioli,author
Carlo Vigarani,author
Giambattista Gelli,author
Marco Guazzo,author
Pietro Buonfanti,author
Virgilio Verucci,author
Giovanni Faustini,author
Giovanni Maria Cecchi,author
Prospero Bonarelli,author
Alessandro Calderoni,author
Gasparo Gozzi,author
Antonio Zaniboni,author
Pietro Metastasio,author
Giacomo Antonio Bergamori,author
Leon of Modena,author
Bonifacio Collina,author
Luisa Bergalli,author
Ottavio Tronsarelli,author
Lotto Lotti,author
Antonio dall'Acqua,author
Luigi Manzini,author
Vincenzo Piazza,author
Giovanni Francesco Savaro,author
Gaddo Gaddi,author
Giuseppe Domenico de Totis,author
Apostolo Zeno,author
Antonio Salvi,author
unknown,author
Niccolò Forteguerri,author
unknown,author
Ottavio Rinuccini,author
Pier Jacopo Martello,author
Apostolo Zeno,author
Annibale Marchese,author
Girolamo Bartolommei,author
Giovanni Angelo Altemps,author
Paolo Bozi,author
Apostolo Zeno,author
Girolamo Baruffaldi,author
Lotto Del Mazza,author
Giovanni Battista Leoni,author
Apostolo Zeno,author
Prospero Bonarelli,author
Girolamo Parabosco,author
Ottavio Tronsarelli,author
Giulio Cesare Croce,author
Domenico Lalli,author
Antonio Maria Lucchini,author
Gasparo Gozzi,author
Ottaviano Castelli,author
Giulio Cesare Sorrentino,author
various authors,author
Donato Cupeda,author
Francesco Silvani,author
Francesco Silvani,author
unknown,author
unknown,author
Pietro Susini,author
unknown,author
Girolamo Bartolommei,author
Nicolò Minato,author
Francesco Bozza,author
Pietro Paolo Bissari,author
Luisa Bergalli,author
unknown,author
Michelangelo Carmeli,author
Francesco Silvani,author
Ottavio Tronsarelli,author
Antonio Mortaro,author
Orazio Serono,author
Francesco Contarini,author
Giovanni Villifranchi,author
Ercole Pasquini,author
Antonia Tanini Pulci,author
unknown,author
unknown,author
Vincenzo Cassani,author
Ridolfo Campeggi,author
Pietro Averara,author
Girolamo Baruffaldi,author
Domenico Lalli,author
Francesco Berni,author
Pietro Aretino,author
Gaetano Zuanelli,author
unknown,author
unknown,author
Donato Cupeda,author
Carlo Sigismondo Capece,author
Francesco Moderati,author
Luigi Tansillo,author
unknown,author
Lucius Livius,author
Pietro Pariati,author
Pier Jacopo Martello,author
Pier Maria Cecchini,author
Apostolo Zeno,author
Annibale Marchese,author
Giovanni Battista Manzini,author
Francesco Angeloni,author
Luigi Alamanni,author
Pietro Antonio Bernardoni,author
Antonio Vignali,author
Publio Filippo Mantovano,author
Niccolò Forteguerri,author
Girolamo Frigimelica,author
unknown,author
Vincenzo Giusti,author
Giacinto Andrea Cicognini,author
Nicolò Minato,author
Giovanni Claudio Pasquini,author
Nicolò Minato,author
unknown,author
Giovanni Francesco Loredano,author
Donato Cupeda,author
Malatesta Strinati,author
Giacinto Andrea Cicognini,author
Giovanni Pietro Candi,author
Giovan Battista Fagiuoli,author
Girolamo Gigli,author
Francesco Silvani,author
Antonio Zaniboni,author
Apostolo Zeno,author
Francesco Silvani,author
Giuseppe Maria Buini,author
Giovanni Francesco Savaro,author
Florido de Silvestris,author
Giovanni Villifranchi,author
unknown,author
Prospero Bonarelli,author
Nicolò Minato,author
Cristoforo Castelletti,author
Giambattista della Porta,author
Loreto Vittori,author
Pomponio Torelli,author
Celso Zani,author
Giacomo Castellini,author
Nicolò Minato,author
Angelita Scaramuccia,author
Giovanni Ambrogio Marini,author
Antonio Zaniboni,author
Pietro Susini,author
Giacinto Andrea Cicognini,author
Notturno napoletano,author
unknown,author
Gabriello Chiabrera,author
Antonio Francesco Grazzini,author
Domenico Gisberti,author
Carlo Sigismondo Capece,author
Giacinto Andrea Cicognini,author
Pier Angelo Zaguri,author
Ercole Bentivoglio,author
Pietro Antonio Bernardoni,author
Niccolò Amenta,author
unknown,author
Giovan Battista Fagiuoli,author
unknown,author
unknown,author
Lodovico Rota,author
Bernardino Campello,author
Apostolo Zeno,author
Cesare Abbelli,author
Giacomo Antonio Bergamori,author
Girolamo Frigimelica,author
Pier Jacopo Martello,author
Apostolo Zeno,author
Silvio Fiorillo,author
Carlo Milanuzzi,author
Apostolo Zeno,author
Francesco Moderati,author
Giacinto Andrea Cicognini,author
Giovanni Antonio Bianchi,author
Giuseppe Gorini Corio,author
Leone Santi,author
unknown,author
Giulio Cesare Grazzini,author
Antonio Salvi,author
Apostolo Zeno,author
Prospero Bonarelli,author
Apostolo Zeno,author
Bartolomeo Tortoletti,author
Nicolò di Castelli,author
unknown,author
Lorenzo Valerio,author
Matteo Noris,author
unknown,author
Giambattista Neri,author
unknown,author
Antonio Ghisilieri,author
Paolo Bozi,author
unknown,author
Girolamo Brusoni,author
Silvano Razzi,author
Giovanni Angelo Lottini,author
Benedetto Marcello,author
Giulio Cesare Grazzini,author
Michelangelo,author
Francesco Pona,author
Rinaldo Cialli,author
Paolo Bozi,author
Pietro Antonio Bernardoni,author
Benedetto Pasqualigo,author
Guido Casoni,author
Apostolo Zeno,author
Pietro Metastasio,author
Niccolò Amenta,author
Bonaventura Morone,author
Giovanni Claudio Pasquini,author
Grazio Braccioli,author
Giacinto Andrea Cicognini,author
Carlo Goldoni,author
unknown,author
Donato Cupeda,author
Silvano Razzi,author
Silvio Stampiglia,author
Giulio Pancieri,author
Jacopo Cicognini,author
Antonio Salvi,author
Carlo Maria Maggi,author
Giovanni Cosimo Villifranchi,author
Stefano Serangeli,author
Carlo Maria Maggi,author
Andrea Baroncini,author
Francesco Benedetti,author
Giuseppe Gorini Corio,author
Giuseppe Artale,author
Nicolò Minato,author
Carlo Goldoni,author
Maffio Venier,author
unknown,author
Pietro Parma,author
Donato Cupeda,author
Girolamo Frigimelica,author
Ottavio Tronsarelli,author
Luisa Bergalli,author
Lodovico Dolce,author
Carlo Maria Maggi,author
Apostolo Zeno,author
Benedetto Pasqualigo,author
Gian Rinaldo Carli,author
Aurelio Aureli,author
Apostolo Zeno,author
Silvio Stampiglia,author
unknown,author
Ippolito Bentivoglio,author
unknown,author
Nicolò di Castelli,author
Ottavio Glorizio,author
Pietro Metastasio,author
Nicolò di Castelli,author
Nicolò di Castelli,author
Giovanni Maria Cecchi,author
Antonio Glielmo,author
Vincenzo Cassani,author
Nicolò Minato,author
unknown,author
Carlo Celano,author
unknown,author
Francesco Silvani,author
Francesco Andreini,author
Adriano Politi,author
Antonio Marchi,author
Niccolò Secchi,author
Giovan Battista Fagiuoli,author
Pietro Averara,author
Girolamo Giusti,author
Matteo Noris,author
Giovanni Battista dell’Ottonaio,author
Giacinto Andrea Cicognini,author
Francesco Maidalchini,author
Giovanni Angelo Lottini,author
Giulio Cesare Sorrentino,author
Giuseppe Berneri,author
Francesco Silvani,author
unknown,author
Francesco Fulvio Frugoni,author
Niccolò Secchi,author
unknown,author
Girolamo Mattei,author
Giovan Battista Strozzi,author
Bartolomeo Tortoletti,author
Torquato Tasso,author
Flaminio Guarnieri,author
Pietro Antonio Bernardoni,author
Pietro Antonio Bernardoni,author
Pietro Antonio Bernardoni,author
Antonio Salvi,author
unknown,author
Benedetto Pasqualigo,author
Benedetto Pasqualigo,author
Ettore Nini,author
Francesco Silvani,author
Aurelio Aureli,author
Francesco Contarini,author
Pietro Metastasio,author
Fulvio Testi,author
Giuseppe Gorini Corio,author
Pietro Metastasio,author
Aurelio Amalteo,author
Domenico Lalli,author
Nicolò Minato,author
Francesco Mercati,author
Angelo  Schietti,author
Alfonso Cavazzi,author
Giambattista Andreini,author
Ludovico Ariosto,author
Nicolò Minato,author
Nicolò Minato,author
Pietro Maria Suarez,author
Donato Antonio Leonardi,author
Benedetto Ferrari,author
Alessandro Guarini,author
unknown,author
Luisa Bergalli,author
Girolamo Gigli,author
Nicolò Minato,author
unknown,author
Scipione Errico,author
Giovanni Angelo Lottini,author
Antonio Schinella Conti,author
Antonio Salvi,author
Apostolo Zeno,author
Carlo Maria Maggi,author
unknown,author
unknown,author
Benedetto Cinquanta,author
Carlo Torre,author
unknown,author
Giuliano Bezzi,author
unknown,author
unknown,author
Giacinto Andrea Cicognini,author
Matteo Pagani,author
Aurelio Aureli,author
Pietro Benedetti,author
Giulio Cesare Sorrentino,author
Donato Cupeda,author
Orazio Persio,author
Giuseppe Maria Buini,author
Tommaso Cervioni,author
Giovanni Granelli,author
unknown,author
Pier Jacopo Martello,author
unknown,author
Giacinto Andrea Cicognini,author
Pietro Metastasio,author
unknown,author
unknown,author
Giovanni Francesco Savaro,author
unknown,author
Lodovico Dolce,author
Domenico Lalli,author
unknown,author
Giulio Serafini,author
Giovan Battista Fagiuoli,author
Nicolò Minato,author
Giacinto Andrea Cicognini,author
unknown,author
Agostino Piovene,author
Francesco Sacrati,author
Francesco Savino,author
Ottavio Tronsarelli,author
Malatesta Strinati,author
Jacopo Cicognini,author
Orazio Persio,author
unknown,author
Ottavio Tronsarelli,author
Francesco Silvani,author
Enrico Altan,author
unknown,author
Annibale Marchese,author
unknown,author
Annibale Marchese,author
unknown,author
Aurelio Aureli,author
Nicolò di Castelli,author
Giovanni Francesco Savaro,author
Annibale Marchese,author
Benedetto Pasqualigo,author
Lodovico Dolce,author
Lodovico Dolce,author
Ettore Nini,author
Giovanni Palazzi,author
Pietro Paolo Bissari,author
Giacomo Castellani,author
Molière,author
Andrea Salvadori,author
Giovanni Dolfin,author
Prospero Bonarelli,author
Giuseppe Gorini Corio,author
Gabriello Chiabrera,author
Molière,author
unknown,author
Ottavio Tronsarelli,author
Gabriele Zinani,author
Fabio Glissenti,author
Claudio Achillini,author
Apostolo Zeno,author
Prospero Bonarelli,author
Nicolò Minato,author
Pomponio Torelli,author
"Francesco Scipione, marchese di Maffei",author
unknown,author
Pier Angelo Zaguri,author
Pietro Francesco Valentini,author
Girolamo Zoppio,author
Francesco Silvani,author
Lotto Lotti,author
Ottavio Tronsarelli,author
Michelangelo Boccardi,author
Vincenzo Jacobilli,author
Marco Guazzo,author
Innocenzo Cibo Ghisi,author
Isabella Andreini,author
Luisa Bergalli,author
Nicolò di Castelli,author
Apostolo Zeno,author
unknown,author
Luisa Bergalli,author
unknown,author
Benedetto Pasqualigo,author
Francesco Sbarra,author
Giovanni Maria Cecchi,author
Nicolò Minato,author
Virgilio Verucci,author
Nicolò Minato,author
Francesco Bracciolini,author
Nicolò Minato,author
unknown,author
Giambattista della Porta,author
Pier Jacopo Martello,author
Giuseppe Gorini Corio,author
Giuseppe Gorini Corio,author
Fabio Glissenti,author
Pier Jacopo Martello,author
Antonio Zaniboni,author
Pietro Antonio Bernardoni,author
Sforza degli Oddi,author
Angelo Beolco,author
unknown,author
unknown,author
Alfonso Cavazzi,author
Nicolò Minato,author
unknown,author
Apostolo Zeno,author
Apostolo Zeno,author
Ottavio Tronsarelli,author
Orazio Persiani,author
Cesare Cremonini,author
Francesco Maidalchini,author
Giulio Strozzi,author
Jacopo Cicognini,author
Francesco Balducci,author
Michelangelo Buonarroti,author
Ludovico Ariosto,author
Giacinto Andrea Cicognini,author
Agostino Piovene,author
Francesco Sbarra,author
Francesco De Lemene,author
Lodovico Bartolaia,author
Pietro Bonarelli della Rovere,author
Alfonso Cavazzi,author
Apostolo Zeno,author
Carlo Celano,author
Leone Santi,author
unknown,author
Orazio Persiani,author
Pietro Antonio Bernardoni,author
unknown,author
unknown,author
Matteo Noris,author
unknown,author
Apostolo Zeno,author
Donato Cupeda,author
Giambattista della Porta,author
Pietro Metastasio,author
Giovanni Battista Martinengo,author
Giovanni Francesco Alberti de Bormio,author
Alessandro Donzellini,author
Girolamo Garopoli,author
Giuseppe Berneri,author
Girolamo Pico della Mirandola,author
Giacinto Andrea Cicognini,author
Giovanni Francesco Savaro,author
Domenico Federici,author
Giovanni Matteo Giannini,author
unknown,author
Pietro Antonio Bernardoni,author
Pietro Aretino,author
Saverio Pansuti,author
Poliziano,author
unknown,author
Lodovico Aleardi,author
Carlo Sigismondo Capece,author
Grazio Braccioli,author
Grazio Braccioli,author
Apostolo Zeno,author
Apostolo Zeno,author
Antonio Draghi,author
Claudio Nicolà Stampa,author
Carlo Goldoni,author
Filippo Gaetani,author
unknown,author
Donato Cupeda,author
Ettore Nini,author
Antonio Salvi,author
Luigi Manzini,author
Michelangelo Boccardi,author
Domenico Lalli,author
Angelo  Schietti,author
Benedetto Cinquanta,author
unknown,author
Tommaso Aversa,author
Giovanni Vincenzo Gravina,author
Nicolò Minato,author
Giuseppe Maria Tomasi,author
Giovanni Briccio,author
Giovanni Bonicelli,author
Giovanni Briccio,author
Virgilio Verucci,author
Giovanni Claudio Pasquini,author
Giovanni Vincenzo Gravina,author
Antonio Francesco Grazzini,author
unknown,author
unknown,author
Francesco Pona,author
Silvio Stampiglia,author
unknown,author
Pietro Metastasio,author
Matteo Noris,author
Benedetto Pasqualigo,author
unknown,author
unknown,author
Giulio Cesare Corradi,author
Strozzi Cicogna,author
Giuseppe Domenico de Totis,author
unknown,author
Nicolò Minato,author
Domenico Lalli,author
Prospero Bonarelli,author
Domenico Gisberti,author
unknown,author
unknown,author
Francesco Belo,author
Alessandro Piccolomini,author
Loreto Vittori,author
Carlo Torre,author
Nicolò Minato,author
unknown,author
Nicolò Minato,author
Giuseppe Salio,author
Filippo Finella,author
Giambattista della Porta,author
Pietro Pariati,author
Filippo Finella,author
unknown,author
Girolamo Frigimelica,author
Domenico Lalli,author
unknown,author
Pier Jacopo Martello,author
Alfonso Cavazzi,author
unknown,author
Nicolò Minato,author
Nicolò Minato,author
Carlo Celano,author
Giacinto Andrea Cicognini,author
Apostolo Zeno,author
Nicolò Minato,author
Girolamo Gigli,author
Pietro Pariati,author
Antonio Francesco Grazzini,author
Angelo Beolco,author
Nicolò Minato,author
Lazzaro Agostino Cotta,author
Nicolò Minato,author
Apostolo Zeno,author
Domenico Lalli,author
Giacinto Andrea Cicognini,author
Nicolò Minato,author
Pietro Antonio Bernardoni,author
Nicolò Minato,author
Vincenzo Cassani,author
Aristophanes,author
Girolamo Baruffaldi,author
Agostino Piovene,author
Pomponio Torelli,author
Giuseppe Gorini Corio,author
unknown,author
Giambattista Gelli,author
unknown,author
Francesco Sbarra,author
unknown,author
Filippo Francesco d'Este,author
Cesare Cremonini,author
Orazio Persio,author
unknown,author
Agostino Piovene,author
unknown,author
Domenico Gisberti,author
Virgilio Verucci,author
Andrea Calmo,author
Aurelio Aureli,author
Alessandro Adimari,author
Giacinto Andrea Cicognini,author
Ottavio Tronsarelli,author
Francesco Maria Santinelli,author
unknown,author
unknown,author
Francesco Silvani,author
Poliziano Mancini,author
Ansaldo Cebà,author
Pier Jacopo Martello,author
Giovanni Bonicelli,author
Guidubaldo Benamati,author
Apostolo Zeno,author
Girolamo Parabosco,author
Lodovico Domenichi,author
Pietro Bonarelli della Rovere,author
Nicolò Minato,author
Carlo Celano,author
Pietro Antonio Bernardoni,author
Nicolò Minato,author
Pietro Antonio Bernardoni,author
unknown,author
Virgilio Verucci,author
unknown,author
Pier Jacopo Martello,author
Pier Jacopo Martello,author
Antonio Muscettola,author
Carlo Innocenzo Frugoni,author
Francesco Andreini,author
Carlo Torre,author
Gabriello Chiabrera,author
Nicolò Minato,author
Aurelio Amalteo,author
Orlando Pescetti,author
Matteo Noris,author
Nicolò Minato,author
Angelita Scaramuccia,author
Tiberio Gambaruti,author
Michelangelo Boccardi,author
Pietro Piperno,author
Benedetto Cinquanta,author
Lotto Del Mazza,author
unknown,author
Annibale Marchese,author
Pier Jacopo Martello,author
Nicolò Minato,author
Nicolò Minato,author
unknown,author
Ottavio Tronsarelli,author
Carlo Maria Maggi,author
Cesare Cremonini,author
Pietro Antonio Bernardoni,author
Giovanni Claudio Pasquini,author
unknown,author
Giovanni Battista Pianelli,author
unknown,author
unknown,author
unknown,author
Nicolò Minato,author
Grazio Braccioli,author
Giuseppe Malatesta Garuffi,author
Vincenzo Nolfi,author
Enrico Altan,author
Pietro Cotta,author
Vincenzo Cassani,author
Giulio Cesare Cortese,author
unknown,author
unknown,author
Giambattista Andreini,author
Giovanni Battista Leoni,author
unknown,author
Giovanni Palazzi,author
Giuseppe Gorini Corio,author
Giovanni Faustini,author
Silvio Stampiglia,author
Giovanni di Bernardo Rucellai,author
Battista Brunelleschi,author
Giovanni Francesco Savaro,author
Giovan Battista Ricciardi,author
Antonio Mirandola,author
Giovanni Angelo Lottini,author
Giovanni Francesco Manzoni,author
Giuseppe Salio,author
Pietro Antonio Bernardoni,author
Francesco De Lemene,author
Angelita Scaramuccia,author
Girolamo da Carpi,author
Fabio Glissenti,author
Giovanni Maria Avanzi,author
unknown,author
Alessandro Salvio,author
Bellisario Bulgarini,author
Bartolomeo Tortoletti,author
Filippo Gaetani,author
Angelita Scaramuccia,author
Virgilio Verucci,author
Giambattista Andreini,author
Virgilio Verucci,author
Giacinto Andrea Cicognini,author
Carlo Rota,author
Nicolò Minato,author
Apostolo Zeno,author
Agostino Piovene,author
Francesco Silvani,author
Orazio Silvestri,author
Apostolo Zeno,author
Giovanni Granelli,author
Luigi Orlandi,author
Apostolo Zeno,author
Matteo Pagani,author
Girolamo Frigimelica,author
unknown,author
Francesco Silvani,author
Apostolo Zeno,author
Cesare Abbelli,author
unknown,author
Nicolò Minato,author
unknown,author
Francesco De Lemene,author
Giovan Battista Fagiuoli,author
unknown,author
unknown,author
Ubaldino Malavolti,author
Giovanni Maria Cecchi,author
Ventura Terzago,author
Giovanni Vincenzo Gravina,author
Virgilio Verucci,author
Apostolo Zeno,author
Giovanni Angelo Lottini,author
Agostino Argenti,author
Antonio Francesco Grazzini,author
Anton Francesco Doni,author
Pietro Pariati,author
unknown,author
unknown,author
Nicolò Minato,author
Ottaviano Castelli,author
unknown,author
Paolo Regio,author
Ottavio Tronsarelli,author
Giovan Domenico Peri,author
Apostolo Zeno,author
Pietro Metastasio,author
Apostolo Zeno,author
Giovanni Francesco Savaro,author
Pier Jacopo Martello,author
Apostolo Zeno,author
Giovanni Bonifacio,author
Luigi Tansillo,author
Francesco Silvani,author
Giovanni Villifranchi,author
Annibale Marchese,author
Girolamo Gigli,author
Angelo Leonico,author
unknown,author
Domenico Gisberti,author
Giambattista della Porta,author
Francesco Silvani,author
unknown,author
Massimo Ferroni,author
Pietro Girolamo Gentile Riccio,author
Giulio Cesare Croce,author
Virgilio Verucci,author
Giovanni Claudio Pasquini,author
Prospero Bonarelli,author
Fabio Glissenti,author
Ottavio Glorizio,author
Leonardo Salviati,author
Giovanni Maria Cecchi,author
Giuseppe Berneri,author
Agostino Piovene,author
Apostolo Zeno,author
Carlo Goldoni,author
Nicolò di Castelli,author
Giovanni Briccio,author
Niccolò Campani,author
Francesco Passarini,author
Nicolò Minato,author
Angelita Scaramuccia,author
Francesco Maidalchini,author
Onofrio Giliberto,author
Cristoforo Castelletti,author
Antonio Francesco Grazzini,author
Virgilio Verucci,author
Nicolò Minato,author
Giovanni Maria Cecchi,author
Nicolò Minato,author
Benedetto Varchi,author
Decio Memmoli,author
Cataldo Antonio Mannarino,author
Giuseppe Berneri,author
unknown,author
Bartolomeo Vitturi,author
Pier Jacopo Martello,author
Michelangelo Buonarroti,author
Pomponio Torelli,author
unknown,author
Giovanni Briccio,author
Luisa Bergalli,author
Ettore Nini,author
Carlo Sigismondo Capece,author
Giuseppe Salio,author
Susanna Christina Cosmerovius,author
Nicolò Minato,author
Nicolò Minato,author
unknown,author
Antonio Salvi,author
unknown,author
Carlo Maria Maggi,author
Alessandro Pegolotti,author
Alessandro Pegolotti,author
Pietro Antonio Bernardoni,author
Pietro Pariati,author
Nicolò Minato,author
Apostolo Zeno,author
Giovanni Domenico Pallavicini,author
Lodovico Dolce,author
Ettore Nini,author
Antonio Maria Lucchini,author
unknown,author
unknown,author
Nicolò Minato,author
Francesco Sbarra,author
unknown,author
Vincenzo Cassani,author
Antonio Zaniboni,author
Carlo Sigismondo Capece,author
Luigi Riccoboni,author
unknown,author
Giovanni Faustini,author
Apostolo Zeno,author
unknown,author
Angelo Ingegneri,author
Giambattista Neri,author
Pietro Paolo Bissari,author
Alessandro Benetti,author
unknown,author
Francesco Silvani,author
unknown,author
Michele Brugueres,author
Francesco Silvani,author
Pietro Francesco Valentini,author
unknown,author
Giambattista della Porta,author
Luigi Eredia,author
Fabio Ottinelli,author
unknown,author
Giovan Battista Ricciardi,author
Pietro Parma,author
Nicolò Minato,author
Giorgio Marras,author
Francesco Maria Piccioli,author
Francesco Rossi,author
Girolamo Frigimelica,author
unknown,author
Pietro Averara,author
unknown,author
unknown,author
unknown,author
Clement IX,author
Paolo Castelli,author
Jacopo Cicognini,author
Apostolo Zeno,author
Ettore Nini,author
Carlo Maria Maggi,author
Lodovico Dolce,author
Domenico Lalli,author
unknown,author
unknown,author
Lodovico Martelli,author
Pietro Cresci,author
Nicolò Minato,author
Domenico Lalli,author
Angelo Beolco,author
Angelita Scaramuccia,author
Pietro Bonarelli della Rovere,author
Andrea Ciccione,author
Nicolò Minato,author
Pietro Antonio Bernardoni,author
Virgilio Verucci,author
Giovan Battista Cini,author
Niccolò Buonaparte,author
Giovan Battista Cini,author
Apostolo Zeno,author
Apostolo Zeno,author
Virgilio Verucci,author
Prospero Bonarelli,author
unknown,author
unknown,author
Nicolò Minato,author
Francesco Sbarra,author
Francesco Silvani,author
Giuseppe Berneri,author
Giovanni Palazzi,author
Francesco Silvani,author
Michele Brugueres,author
Florido de Silvestris,author
Antonio Zaniboni,author
Nicolò Minato,author
Antonio Marchi,author
Bernardo Accolti,author
Raffaello Gualterotti,author
Matteo Noris,author
Pietro Metastasio,author
Domenico David,author
Nicolò Minato,author
Giovanni Battista Abbati,author
Francesco Silvani,author
Carlo Sigismondo Capece,author
unknown,author
Giacinto Andrea Cicognini,author
Alessandro Guarnelli,author
Pomponio Torelli,author
Nicolò Minato,author
unknown,author
Domenico Lalli,author
Giambattista della Porta,author
Giacomo Badoaro,author
Domenico Lazzarini,author
unknown,author
Ciro di Pers,author
unknown,author
Nicolò Minato,author
Pietro Antonio Bernardoni,author
Pietro Metastasio,author
Carlo de' Dottori,author
Giovanni Briccio,author
Lorenzo Vitturi,author
Vincenzo Rota,author
Francesco Silvani,author
Pier Jacopo Martello,author
Pietro Metastasio,author
unknown,author
Pietro Metastasio,author
Carlo Goldoni,author
Pietro Chiari,author
Luisa Bergalli,author
Pietro Metastasio,author
Apostolo Zeno,author
Apostolo Zeno,author
unknown,author
unknown,author
Giuseppe Berneri,author
unknown,author
Arcangelo Spagna,author
Apostolo Zeno,author
Giovanni Francesco Savaro,author
Giacinto Andrea Cicognini,author
Apostolo Zeno,author
Pietro Metastasio,author
Apostolo Zeno,author
Giovanni Bonicelli,author
Carlo Goldoni,author
Apostolo Zeno,author
unknown,author
unknown,author
Fabio Glissenti,author
Giovanni Francesco Savaro,author
Euripides,author
Carlo Sanseverino,author
Luisa Bergalli,author
Pietro Metastasio,author
unknown,author
Apostolo Zeno,author
Pier Jacopo Martello,author
Pier Jacopo Martello,author
unknown,author
Apostolo Zeno,author
Apostolo Zeno,author
Pietro Metastasio,author
Pietro Metastasio,author
Apostolo Zeno,author
unknown,author
Pietro Metastasio,author
Jean Racine,author
unknown,author
Luisa Bergalli,author
unknown,author
Giovan Battista Fagiuoli,author
unknown,author
Carlo Goldoni,author
Carlo Goldoni,author
unknown,author
Michelangelo Carmeli,author
Apostolo Zeno,author
Pietro Metastasio,author
Anton Filippo Adami,author
unknown,author
Giacinto Andrea Cicognini,author
Apostolo Zeno,author
Giuseppe Gorini Corio,author
Carlo Goldoni,author
Arcangelo Spagna,author
unknown,author
unknown,author
Carlo Goldoni,author
Ottavio Tronsarelli,author
Carlo Goldoni,author
Pier Jacopo Martello,author
Pietro Metastasio,author
Michelangelo Carmeli,author
Girolamo Francesco Zanetti,author
Pier Jacopo Martello,author
unknown,author
Giacomo Galeazzi,author
Giacinto Andrea Cicognini,author
unknown,author
Carlo Sanseverino,author
unknown,author
Pietro Metastasio,author
Pietro Antonio Bernardoni,author
Pietro Metastasio,author
Arcangelo Spagna,author
unknown,author
unknown,author
Pietro Metastasio,author
Pietro Metastasio,author
Carlo Goldoni,author
Nicolò di Castelli,author
Molière,author
Arcangelo Spagna,author
Carlo Goldoni,author
unknown,author
Apostolo Zeno,author
Apostolo Zeno,author
unknown,author
Apostolo Zeno,author
Michele Brugueres,author
Pier Jacopo Martello,author
Flaminio Scarselli,author
Apostolo Zeno,author
Pietro Metastasio,author
Carlo Goldoni,author
Pietro Metastasio,author
Pietro Metastasio,author
Girolamo Gigli,author
unknown,author
Carlo Goldoni,author
Carlo Goldoni,author
Nicolò di Castelli,author
Giacinto Andrea Cicognini,author
Arcangelo Spagna,author
Apostolo Zeno,author
Arcangelo Spagna,author
Carlo Goldoni,author
Carlo Goldoni,author
Niccolò Forteguerri,author
Niccolò Forteguerri,author
Michelangelo Carmeli,author
Pietro Metastasio,author
unknown,author
Pier Jacopo Martello,author
Gasparo Gozzi,author
Pier Jacopo Martello,author
Michelangelo Carmeli,author
Carlo Goldoni,author
Pietro Metastasio,author
Pietro Metastasio,author
unknown,author
Apostolo Zeno,author
unknown,author
Apostolo Zeno,author
Apostolo Zeno,author
Bonifacio Collina,author
Francesca Manzoni,author
Apostolo Zeno,author
Apostolo Zeno,author
Pietro Metastasio,author
Apostolo Zeno,author
Gasparo Gozzi,author
Apostolo Zeno,author
unknown,author
unknown,author
unknown,author
Niccolò Forteguerri,author
Giovanni Andrea Lorenzani,author
unknown,author
Pietro Metastasio,author
Oliviero Gatti,author
Girolamo Gigli,author
Arcangelo Spagna,author
Apostolo Zeno,author
Bonifacio Collina,author
Pier Jacopo Martello,author
Apostolo Zeno,author
Apostolo Zeno,author
Pietro Metastasio,author
Apostolo Zeno,author
Paolo Bozi,author
Apostolo Zeno,author
Apostolo Zeno,author
Pietro Metastasio,author
Luisa Bergalli,author
Michelangelo Carmeli,author
Arcangelo Spagna,author
Alfonso Varano,author
Girolamo Gigli,author
Arcangelo Spagna,author
Pietro Metastasio,author
Apostolo Zeno,author
unknown,author
Arcangelo Spagna,author
Apostolo Zeno,author
Euripides,author
Pier Jacopo Martello,author
Euripides,author
Giampietro Zanotti,author
unknown,author
Apostolo Zeno,author
Apostolo Zeno,author
Giovanni Francesco Savaro,author
unknown,author
Arcangelo Spagna,author
Arcangelo Spagna,author
Pietro Metastasio,author
Pietro Metastasio,author
Pietro Metastasio,author
Luisa Bergalli,author
Girolamo Gigli,author
Apostolo Zeno,author
Giovanni Granelli,author
Apostolo Zeno,author
unknown,author
Gasparo Gozzi,author
Carlo Goldoni,author
Franz Grisellini,author
Girolamo Gigli,author
Pier Jacopo Martello,author
Antonio Zaniboni,author
Carlo Goldoni,author
Luigi Bernardo Salvoni,author
unknown,author
Apostolo Zeno,author
Apostolo Zeno,author
Apostolo Zeno,author
Carlo Goldoni,author
Carlo Goldoni,author
Pietro Metastasio,author
Apostolo Zeno,author
Pier Jacopo Martello,author
Apostolo Zeno,author
Pierre Corneille,author
Apostolo Zeno,author
Pietro Metastasio,author
unknown,author
unknown,author
Apostolo Zeno,author
Giovan Battista Fagiuoli,author
Giovan Battista Fagiuoli,author
Pietro Metastasio,author
Nicolò di Castelli,author
Giuseppe Berneri,author
unknown,author
Michelangelo Carmeli,author
unknown,author
Apostolo Zeno,author
unknown,author
Apostolo Zeno,author
Pietro Metastasio,author
Pietro Metastasio,author
Carlo Goldoni,author
Carlo Goldoni,author
Pietro Metastasio,author
Pietro Metastasio,author
Pietro Metastasio,author
Pier Jacopo Martello,author
Pier Jacopo Martello,author
unknown,author
Arcangelo Spagna,author
Arcangelo Spagna,author
Carlo Goldoni,author
Giovan Battista Ricciardi,author
Michelangelo Carmeli,author
Pier Jacopo Martello,author
Carlo Goldoni,author
Apostolo Zeno,author
Apostolo Zeno,author
unknown,author
Pierre Corneille,author
unknown,author
Paolo Antonio Rolli,author
unknown,author
Nicolò di Castelli,author
unknown,author
Nicolò di Castelli,author
Pier Jacopo Martello,author
Maria Isabella Dosi Grati,author
Apostolo Zeno,author
Melchiore Cesarotti,author
Arcangelo Spagna,author
Nicolò di Castelli,author
Carlo Goldoni,author
Arcangelo Spagna,author
Pier Jacopo Martello,author
Pier Jacopo Martello,author
unknown,author
Michelangelo Carmeli,author
unknown,author
unknown,author
Apostolo Zeno,author
Plautus,author
Apostolo Zeno,author
Molière,author
Niccolò Castelli,author
unknown,author
Arcangelo Spagna,author
Arcangelo Spagna,author
Apostolo Zeno,author
Giovanni Granelli,author
Apostolo Zeno,author
Pietro Metastasio,author
unknown,author
Pietro Pariati,author
Girolamo Allè,author
Nicolò di Castelli,author
Nicolò di Castelli,author
Nicolò di Castelli,author
Apostolo Zeno,author
Apostolo Zeno,author
Luigi Riccoboni,author
Pietro Metastasio,author
Pietro Metastasio,author
Apostolo Zeno,author
Girolamo Gigli,author
Pier Jacopo Martello,author
Michelangelo Carmeli,author
Giovan Battista Fagiuoli,author
Gian Giorgio Trissino,author
Giulio Cesare Croce,author
unknown,author
Arcangelo Spagna,author
Giovan Battista Ricciardi,author
Pier Jacopo Martello,author
Apostolo Zeno,author
unknown,author
unknown,author
Molière,author
Domenico Barone,author
Apostolo Zeno,author
unknown,author
Pier Jacopo Martello,author
Carlo Goldoni,author
Arcangelo Spagna,author
Euripides,author
Luisa Bergalli,author
unknown,author
Apostolo Zeno,author
Pietro Metastasio,author
unknown,author
Apostolo Zeno,author
unknown,author
unknown,author
Giampietro Zanotti,author
Apostolo Zeno,author
Domenico Lazzarini,author
Giovan Battista Fagiuoli,author
Pietro Susini,author
Arcangelo Spagna,author
unknown,author
Arcangelo Spagna,author
unknown,author
unknown,author
Benedetto Pasqualigo,author
Michelangelo Carmeli,author
Giuseppe Berneri,author
Giuseppe Berneri,author
Antonio Zaniboni,author
Giuseppe Berneri,author
unknown,author
Lorenzo Guazzesi,author
unknown,author
Carlo Goldoni,author
Giuseppe Diamante,author
Giovan Battista Fagiuoli,author
Apostolo Zeno,author
unknown,author
Pietro Metastasio,author
Giovan Battista Fagiuoli,author
Valentino Rossi,author
Arcangelo Spagna,author
Antonio Zaniboni,author
unknown,author
Arcangelo Spagna,author
Carlo Goldoni,author
unknown,author
Pietro Metastasio,author
Giovan Battista Fagiuoli,author
Agostino Grisei I,publisher
Angelo Salvadori,publisher
Johann Peter van Ghelen,publisher
Johann Christoph Cosmerovius,publisher
Giovanni Battista Ciotti,publisher
Bartolomeo II Sermartelli,publisher
Susanna Christina Cosmerovius,publisher
Michele Ercole,publisher
Giuseppe Tartini,publisher
Bartolomeo Soliani II,publisher
Gabriele Giolito de' Ferrari,publisher
Tarquinio Longo,publisher
Giovanni Francesco Valvasense,publisher
Francesco Gonzaga,publisher
Domenico Farri,publisher
Johann Christoph Cosmerovius,publisher
Johann Peter van Ghelen,publisher
Giuseppe Bettinelli,publisher
Giuseppe Richino Malatesta,publisher
Ricciardo Amadino,publisher
Susanna Christina Cosmerovius,publisher
Domenico Imberti,publisher
Sebastiano Combi,publisher
Marco Ginammi,publisher
Giuseppe Longhi,publisher
Giuseppe Longhi,publisher
Marino Rossetti,publisher
Pietro Nesti,publisher
Aldus Manutius,publisher
Michelangelo Sermartelli,publisher
"Loggia del Papa, Siena",publisher
Giuseppe Longhi,publisher
Modesto Fenzo,publisher
Marino Rossetti,publisher
Lucio Spineda,publisher
Giuseppe Longhi,publisher
Cristoforo Tomasini,publisher
Marino Rossetti,publisher
Francesco Ziletti,publisher
Giovanni Marco Salvioni,publisher
Susanna Christina Cosmerovius,publisher
Francesco Gonzaga,publisher
Giovanni Manfrè,publisher
Giuseppe Pandolfo Malatesta,publisher
Marino Rossetti,publisher
Matthäus Cosmerovius,publisher
Giuseppe Pavoni,publisher
Marino Rossetti,publisher
Marino Rossetti,publisher
Johann Peter van Ghelen,publisher
Marino Rossetti,publisher
Giuseppe Longhi,publisher
Marino Rossetti,publisher
Domenico Lovisa,publisher
Lelio Dalla Volpe,publisher
Giovanni Marco Salvioni,publisher
Girolamo Albrizzi,publisher
Girolamo Albrizzi,publisher
Giovanni Battista Natolini,publisher
Girolamo Albrizzi,publisher
Lorenzo Lorio,publisher
Francesco Marcolini,publisher
Mathias Cancer,publisher
Giacomo Antonio Somasco,publisher
Venturino Ruffinelli,publisher
Gasparo Crivellari,publisher
Antonio Viotti,publisher
Marino Rossetti,publisher
Lelio Dalla Volpe,publisher
Marino Rossetti,publisher
Galeazzo Rosati,publisher
Lelio Dalla Volpe,publisher
Lazzaro Scoriggio,publisher
Giorgio Marescotti,publisher
Giuseppe Longhi,publisher
Johann Friedrich Gleditsch,publisher
Marino Rossetti,publisher
Marino Rossetti,publisher
Bernardo Giunti,publisher
Antonio Pinelli,publisher
Lodovico Grignani,publisher
Pietro Maria Frambotto,publisher
Marino Rossetti,publisher
Marco Ginammi,publisher
Antonio Pisarri,publisher
Giovanni Battista Natolini,publisher
Vittorio Baldini,publisher
Andrea Arrivabene,publisher
Matteo Florimi,publisher
Marino Rossetti,publisher
Giovanni Francesco Buagni,publisher
Marino Rossetti,publisher
Marino Rossetti,publisher
Giovanni Domenico Roncagliolo,publisher
Antonio Bortoli,publisher
Marino Rossetti,publisher
Pandolfo Malatesta,publisher
Marino Rossetti,publisher
Lodovico Monza,publisher
Giuseppe Longhi,publisher
Johann Friedrich Gleditsch,publisher
Giacomo Monti,publisher
Girolamo Discepolo,publisher
Barezzo Barezzi,publisher
Francesco  Pomatelli,publisher
Marino Rossetti,publisher
Susanna Christina Cosmerovius,publisher
Johann Jäcklin,publisher
Giuseppe Longhi,publisher
Novello De Bonis,publisher
Giovanni Marco Salvioni,publisher
Antonio Bortoli,publisher
Johann Christoph Cosmerovius,publisher
Giuseppe Longhi,publisher
Girolamo Albrizzi,publisher
Francesco Moucke,publisher
Francesco Moucke,publisher
Francesco Moucke,publisher
Susanna Christina Cosmerovius,publisher
Giuseppe Longhi,publisher
Susanna Christina Cosmerovius,publisher
Giovanni Pietro Pinelli,publisher
Giovanni Battista Ciotti,publisher
Baldassarre Del Giudice,publisher
Matthäus Cosmerovius,publisher
Giovanni Battista Granata,publisher
Domenico Lovisa,publisher
Pietro Salvioni,publisher
Marco Antonio Pandolfo Malatesta,publisher
Giacomo Monti,publisher
Francesco Bolzetta,publisher
Giovanni Battista Ciotti,publisher
Giuseppe Longhi,publisher
Marino Rossetti,publisher
Stefano Alessi,publisher
Giovanni Alberti,publisher
Marco Antonio Pandolfo Malatesta,publisher
Bartolomeo Soliani II,publisher
Francesco  Pomatelli,publisher
Johann Peter van Ghelen,publisher
Johann Peter van Ghelen,publisher
Giuseppe Bettinelli,publisher
Marco Ginammi,publisher
Nicolò d'Aristotele,publisher
Marino Rossetti,publisher
Johann Friedrich Gleditsch,publisher
Jan Jakub Komárek,publisher
Abel L'Angelier,publisher
Francesco Marcolini,publisher
Marco Antonio Pandolfo Malatesta,publisher
Johann Peter van Ghelen,publisher
Michele Luigi Muzio,publisher
Galasso Galassi,publisher
Silvestro Marchetti,publisher
Giacomo Monti,publisher
Marino Rossetti,publisher
Marino Rossetti,publisher
Benedetto Mammarello,publisher
Penada,publisher
Johann Jäcklin,publisher
Giovanni Marco Salvioni,publisher
Bartolomeo Soliani II,publisher
Marino Rossetti,publisher
Felix Carolus Musca,publisher
Francesco Corbelletti,publisher
Giuseppe Richino Malatesta,publisher
Giovanni Battista Zuccato,publisher
Giovanni Maria Rizzardi,publisher
Johann Peter van Ghelen,publisher
Novello De Bonis,publisher
Giovanni Battista Sottile,publisher
Antonio Bulifon,publisher
Marino Rossetti,publisher
Marino Rossetti,publisher
Francesco Corbelletti,publisher
Marino Rossetti,publisher
Giunti,publisher
Pietro Lorio,publisher
Antonio Pisarri,publisher
Marino Rossetti,publisher
Marino Rossetti,publisher
Giuseppe Richino Malatesta,publisher
Vincenzo Busdraghi,publisher
Marino Rossetti,publisher
Giacomo Mascardi,publisher
Lodovico Grignani,publisher
Bolzetta Cadorin,publisher
Matthäus Cosmerovius,publisher
Domenico Lovisa,publisher
Giuseppe Longhi,publisher
Giovanni Battista Zuccato,publisher
Giovanni Battista Zuccato,publisher
Marino Rossetti,publisher
Marino Rossetti,publisher
Demetrio Degni,publisher
Giovanni Domenico Roncagliolo,publisher
Marino Rossetti,publisher
Marino Rossetti,publisher
Antonio Pisarri,publisher
Giunti,publisher
Giovanni Battista Zuccato,publisher
Susanna Christina Cosmerovius,publisher
Marino Rossetti,publisher
Marino Rossetti,publisher
Marino Rossetti,publisher
Marino Rossetti,publisher
Marino Rossetti,publisher
Marino Rossetti,publisher
Marino Rossetti,publisher
Marino Rossetti,publisher
Lelio Dalla Volpe,publisher
Giacomo Tommasini,publisher
Marino Rossetti,publisher
Giuseppe Richino Malatesta,publisher
Lawrence Torrentinus,publisher
Angelo Salvadori,publisher
Antonio Pisarri,publisher
Johann Peter van Ghelen,publisher
Gabriele Giolito de' Ferrari,publisher
Marino Rossetti,publisher
Giovanni Battista Ciotti,publisher
Lazzaro Scoriggio,publisher
Francesco Moucke,publisher
Lucas Straub,publisher
Giuseppe Pandolfo Malatesta,publisher
Matthäus Cosmerovius,publisher
Giuseppe Longhi,publisher
Matthäus Cosmerovius,publisher
Domenico Lovisa,publisher
Lelio Dalla Volpe,publisher
Giovanni Battista Ferroni,publisher
Johann Friedrich Gleditsch,publisher
Marino Rossetti,publisher
Francesco Moucke,publisher
Francesco Corbelletti,publisher
Johann Christoph Cosmerovius,publisher
Cristoforo Zane,publisher
Sebastiano Combi,publisher
Susanna Christina Cosmerovius,publisher
Marino Rossetti,publisher
Angelo Geremia,publisher
Giovanni Alberti,publisher
Domenico Lovisa,publisher
Lelio Dalla Volpe,publisher
Marino Rossetti,publisher
Johann Christoph Cosmerovius,publisher
Giuseppe Longhi,publisher
Giunti,publisher
Domenico Lovisa,publisher
Fausto Bonardo,publisher
Francesco Grossi,publisher
Giovanni Francesco Valvasense,publisher
Giuseppe Longhi,publisher
Bartolomeo II Sermartelli,publisher
Johann Peter van Ghelen,publisher
Giuseppe Longhi,publisher
Francesco Corbelletti,publisher
Marino Rossetti,publisher
Marino Rossetti,publisher
Domenico Lovisa,publisher
Marino Rossetti,publisher
Marino Rossetti,publisher
Bernardo Paperini,publisher
Pietro Maria Frambotto,publisher
Giunti,publisher
Marino Rossetti,publisher
Pietro Maria Frambotto,publisher
Marco Antonio Pandolfo Malatesta,publisher
Sertorio Monti,publisher
Pietro Bassaglia,publisher
Bartolomeo Soliani II,publisher
Domenico Lovisa,publisher
Pietro Bassaglia,publisher
Giovanni Battista Conzatti,publisher
Giovanni Maria Rizzardi,publisher
Marino Rossetti,publisher
Giacomo Monti,publisher
Apostolic Camera,publisher
Domenico Parrino,publisher
Johann Peter van Ghelen,publisher
Costantino Pisarri,publisher
Johann Peter van Ghelen,publisher
Aldus Manutius,publisher
Marino Rossetti,publisher
Marino Rossetti,publisher
Domenico Lovisa,publisher
Benedetto Guasco,publisher
Girolamo Albrizzi,publisher
Giacomo Monti,publisher
Angelo Salvadori,publisher
Marino Rossetti,publisher
Marino Rossetti,publisher
Apostolic Camera,publisher
Apostolic Camera,publisher
Apostolic Camera,publisher
Luca Bonetti,publisher
Girolamo Albrizzi,publisher
Gabriele Giolito de' Ferrari,publisher
Francesco Marcolini,publisher
Marino Rossetti,publisher
Giacomo Antonio Somasco,publisher
Domenico Imberti,publisher
Zanobi di Francesco Pignoni,publisher
Antonio De Rossi,publisher
Michele Luigi Muzio,publisher
Melchiorre Sessa,publisher
Giovanni Battista Granata,publisher
Pietro Discepolo,publisher
Matthäus Cosmerovius,publisher
Giovanni Battista Ferroni,publisher
Pietro Discepolo,publisher
Rocco Bernabò,publisher
Giacomo Monti,publisher
Valente Panizza,publisher
Giorgio Greco,publisher
Francesco Rampazetto,publisher
Ottavio Beltrano,publisher
Bernardo Giunti,publisher
Angelo Bernabò,publisher
Francesco Bolzetta,publisher
Lelio Dalla Volpe,publisher
Girolamo Discepolo,publisher
Clemente Maria Sassi,publisher
Marino Rossetti,publisher
Antonio Bortoli,publisher
Girolamo Diotallevi,publisher
Giuseppe Longhi,publisher
Giuseppe Longhi,publisher
Michele Luigi Muzio,publisher
Michele Luigi Muzio,publisher
Bartolomeo Zanetti,publisher
Johann Christoph Cosmerovius,publisher
Giacomo Monti,publisher
Susanna Christina Cosmerovius,publisher
Johann Peter van Ghelen,publisher
Johann Peter van Ghelen,publisher
Francesco Moucke,publisher
Pietro Maria Frambotto,publisher
Matthäus Cosmerovius,publisher
Francesco Rampazetto,publisher
Rosso Fiorentino,publisher
Marino Rossetti,publisher
Francesco Rampazetto,publisher
Pietro Bassaglia,publisher
Giacomo Antonio Somasco,publisher
Francesco Moucke,publisher
Marino Rossetti,publisher
Marino Rossetti,publisher
Antonio De Rossi,publisher
Antonio Maria Albizzini,publisher
Marino Rossetti,publisher
Pietro Maria Frambotto,publisher
Johann Friedrich Gleditsch,publisher
Matteo Florimi,publisher
Marino Rossetti,publisher
Johann Peter van Ghelen,publisher
Marino Rossetti,publisher
Marino Rossetti,publisher
Marino Rossetti,publisher
Giovanni Maria Salvioni,publisher
Lodovico Monza,publisher
Giacomo Sarzina,publisher
Vittorio Benacci,publisher
Pietro Nesti,publisher
Antonio Pinelli,publisher
Giacomo Vincenti,publisher
Matthäus Cosmerovius,publisher
Giacomo Sarzina,publisher
Clemente Ferroni,publisher
Antonio Tivani,publisher
Giunti,publisher
Agostino Alteri,publisher
Apostolic Camera,publisher
Marino Rossetti,publisher
Marino Rossetti,publisher
Bernardino Diotallevi,publisher
Giovanni Battista Sottile,publisher
Michele Luigi Muzio,publisher
Benedetto Giunti,publisher
Giuseppe Longhi,publisher
Giunti,publisher
Johann Peter van Ghelen,publisher
Francesco Rampazetto,publisher
Susanna Christina Cosmerovius,publisher
Johann Jäcklin,publisher
Johann Christoph Cosmerovius,publisher
Domenico Ciuffetti,publisher
Matthäus Cosmerovius,publisher
Giacomo Antonio Somasco,publisher
Giuseppe Longhi,publisher
Giovanni Stefano di Carlo,publisher
Francesco Savio,publisher
Giovanni Bazachi,publisher
Antonio De Rossi,publisher
Bernardo Giunti,publisher
Matthäus Cosmerovius,publisher
Pandolfo Malatesta,publisher
Giovanni Battista Bernabò,publisher
Marino Rossetti,publisher
Antonio Pisarri,publisher
Antonio De Rossi,publisher
Lodovico Grignani,publisher
Marino Rossetti,publisher
Marino Rossetti,publisher
Francesco  Pomatelli,publisher
Giuseppe Longhi,publisher
Pandolfo Malatesta,publisher
Susanna Christina Cosmerovius,publisher
Ricciardo Amadino,publisher
Francesco Corbelletti,publisher
Pietro Salvioni,publisher
Johann Christoph Cosmerovius,publisher
Giovanni Maria Salvioni,publisher
Marino Rossetti,publisher
Giacomo Monti,publisher
"Loggia del Papa, Siena",publisher
Bernardo Giunti,publisher
Antonio Pisarri,publisher
Giovanni Antonio Giuliani,publisher
Niccolò Pezzana,publisher
Giovanni Battista Conzatti,publisher
Johann Friedrich Gleditsch,publisher
Francesco Manolessi,publisher
Marino Rossetti,publisher
Giuseppe Longhi,publisher
Giorgio Marescotti,publisher
Marino Rossetti,publisher
Nicolò d'Aristotele,publisher
Francesco Rampazetto,publisher
Johann Peter van Ghelen,publisher
Giorgio Marescotti,publisher
Johann Peter van Ghelen,publisher
Giuseppe Longhi,publisher
Francesco Corbelletti,publisher
Giovanni Battista Pasquali,publisher
Giovanni Domenico Roncagliolo,publisher
Johann Peter van Ghelen,publisher
Giorgio Greco,publisher
Giovanni Pietro Pinelli,publisher
Susanna Christina Cosmerovius,publisher
Matteo Florimi,publisher
Johann Peter van Ghelen,publisher
Lelio Dalla Volpe,publisher
Marino Rossetti,publisher
Marino Rossetti,publisher
Johann Peter van Ghelen,publisher
Johann Peter van Ghelen,publisher
Bartolomeo Soliani II,publisher
Marino Rossetti,publisher
Giuseppe Longhi,publisher
Giorgio Marescotti,publisher
Giovanni Battista Bernabò,publisher
Francesco Moucke,publisher
Girolamo Discepolo,publisher
Giovanni Alberti,publisher
Matthäus Cosmerovius,publisher
Lelio Dalla Volpe,publisher
Francesco Bindoni,publisher
Matthäus Cosmerovius,publisher
Francesco Marescandoli,publisher
Johann Friedrich Gleditsch,publisher
Giovanni Battista Conzatti,publisher
Giovanni Alberti,publisher
Gabriele Giolito de' Ferrari,publisher
Johann Peter van Ghelen,publisher
Alessandro de' Vecchi,publisher
Felix Carolus Musca,publisher
Niccolò Pezzana,publisher
Giuseppe Longhi,publisher
Johann Friedrich Gleditsch,publisher
Bernardo Giunti,publisher
Domenico Montanaro,publisher
Marino Rossetti,publisher
Bernardo Giunti,publisher
Felix Carolus Musca,publisher
Giacomo Monti,publisher
Giuseppe Pandolfo Malatesta,publisher
Vittorio Baldini,publisher
Antonio Pisarri,publisher
Giacomo Monti,publisher
Francesco  Pomatelli,publisher
Johann Peter van Ghelen,publisher
Giovanni Battista Ciotti,publisher
Costantino Pisarri,publisher
Lodovico Grignani,publisher
Giovanni Padovano,publisher
Girolamo Mainardi,publisher
Antonio Ricciardi,publisher
Marino Rossetti,publisher
Girolamo Mainardi,publisher
Gabriele Giolito de' Ferrari,publisher
Giovanni Manfrè,publisher
Giovanni Battista Pasquali,publisher
Antonio Pinelli,publisher
Francesco Gonzaga,publisher
Sebastiano Combi,publisher
Bartolomeo Sermartelli,publisher
Domenico Farri,publisher
Marco Ginammi,publisher
Marco Ginammi,publisher
Marco Ginammi,publisher
Giacomo Dragondelli,publisher
Lucas Straub,publisher
Simone Occhi,publisher
Matteo Florimi,publisher
Johann Peter van Ghelen,publisher
Marino Rossetti,publisher
Marino Rossetti,publisher
Antonio Bosio,publisher
Giovanni Battista Natolini,publisher
Giovanni Battista Ciotti,publisher
Giacomo Monti,publisher
Francesco Ziletti,publisher
Giovanni Francesco Paci,publisher
Francesco  Pomatelli,publisher
Johann Peter van Ghelen,publisher
Johann Peter van Ghelen,publisher
Johann Christoph Cosmerovius,publisher
Marino Rossetti,publisher
Johann Peter van Ghelen,publisher
Giuseppe Bettinelli,publisher
Marino Rossetti,publisher
Penada,publisher
Giovanni Gabriele Hertz,publisher
Marco Ginammi,publisher
Giovanni Bazachi,publisher
Marco Ginammi,publisher
Matteo Florimi,publisher
Marino Rossetti,publisher
Giovanni Battista Zuccato,publisher
Johann Jäcklin,publisher
Gabriele Giolito de' Ferrari,publisher
Pietro Maria Frambotto,publisher
Felix Carolus Musca,publisher
Giovanni Alberti,publisher
Baldassarre Del Giudice,publisher
Bernardo Giunti,publisher
Paolo Masotti,publisher
Paolo Frambotto,publisher
Guglielmo Facciotto,publisher
Antonio Bosio,publisher
Bartolomeo Soliani II,publisher
Giunti,publisher
Francesco Bindoni,publisher
Giorgio Marescotti,publisher
Pietro Discepolo,publisher
Francesco Valvanese,publisher
Bartolomeo Sermartelli,publisher
Giovanni Marco Salvioni,publisher
Vittorio Baldini,publisher
Pietro Bassaglia,publisher
Giuseppe Longhi,publisher
Johann Peter van Ghelen,publisher
Giacomo Monti,publisher
Giacomo Sarzina,publisher
Antonio Pisarri,publisher
Domenico Lovisa,publisher
Francesco Corbelletti,publisher
Giovanni Bazachi,publisher
Giovanni Battista Pasquali,publisher
Silvestro Marchetti,publisher
Antonio Rossi,publisher
Giacomo Monti,publisher
Mario Vigna,publisher
Mascardi,publisher
Girolamo Albrizzi,publisher
Marino Rossetti,publisher
Domenico Lovisa,publisher
Girolamo Mainardi,publisher
Nicolò d'Aristotele,publisher
Giunti,publisher
Lelio Dalla Volpe,publisher
Johann Peter van Ghelen,publisher
Felix Carolus Musca,publisher
Pietro Nesti,publisher
Girolamo Discepolo,publisher
Ricciardo Amadino,publisher
Johann Peter van Ghelen,publisher
Francesco  Pomatelli,publisher
Valente Panizza,publisher
Giovanni Battista Ciotti,publisher
Marino Rossetti,publisher
Giovanni Marco Salvioni,publisher
Stefano Alessi,publisher
Francesco Corbelletti,publisher
Vittorio Baldini,publisher
Marino Rossetti,publisher
Marino Rossetti,publisher
Pietro Bassaglia,publisher
Antonio Landini,publisher
Lazzaro Scoriggio,publisher
Giovanni Maria Rizzardi,publisher
Susanna Christina Cosmerovius,publisher
Marino Rossetti,publisher
Giovanni Battista Zuccato,publisher
Rocco Bernabò,publisher
Domenico Parrino,publisher
Michele Ercole,publisher
Francesco  Pomatelli,publisher
Francesco Onofri,publisher
Susanna Christina Cosmerovius,publisher
Gabriele Giolito de' Ferrari,publisher
Johann Jäcklin,publisher
Domenico Lovisa,publisher
Lelio Dalla Volpe,publisher
Giovanni Manfrè,publisher
Marino Rossetti,publisher
Francesco Corbelletti,publisher
Ricciardo Amadino,publisher
Evangelista Deuchino,publisher
Giovanni Battista Ciotti,publisher
Zanobi di Francesco Pignoni,publisher
Girolamo Discepolo,publisher
Giovanni Baleni,publisher
Giovanni Antonio Remondini,publisher
Giovanni Battista Conzatti,publisher
Marino Rossetti,publisher
Pietro Discepolo,publisher
Marino Rossetti,publisher
Lelio Dalla Volpe,publisher
Marino Rossetti,publisher
Erasmo Viotti,publisher
Gabriele Giolito de' Ferrari,publisher
Andrea Poletti,publisher
Susanna Christina Cosmerovius,publisher
Giovanni Zempel,publisher
Susanna Christina Cosmerovius,publisher
Jan Jakub Komárek,publisher
Angelo Salvadori,publisher
Giorgio Greco,publisher
Bartolomeo Soliani II,publisher
Angelo Salvadori,publisher
Johann Peter van Ghelen,publisher
Lelio Dalla Volpe,publisher
Girolamo Bordone,publisher
Marino Rossetti,publisher
Felix Carolus Musca,publisher
Seth Viotti,publisher
Gasparo Crivellari,publisher
Lawrence Torrentinus,publisher
Costantino Pisarri,publisher
Giunti,publisher
Nicolò d'Aristotele,publisher
Girolamo Mainardi,publisher
Marino Rossetti,publisher
Penada,publisher
Niccolò Moretti,publisher
Niccolò Pezzana,publisher
Susanna Christina Cosmerovius,publisher
Johann Peter van Ghelen,publisher
Johann Christoph Cosmerovius,publisher
Giuseppe Longhi,publisher
Giovanni Guerigli,publisher
Susanna Christina Cosmerovius,publisher
Domenico Antonio Ercole,publisher
Francesco Onofri,publisher
Pietro Maria Frambotto,publisher
Francesco Moucke,publisher
Antonio Bortoli,publisher
Marino Rossetti,publisher
Costantino Pisarri,publisher
Costantino Pisarri,publisher
Marino Rossetti,publisher
Marino Rossetti,publisher
Giacomo Monti,publisher
Andrea Fei,publisher
Giovanni Battista Ciotti,publisher
Apostolic Camera,publisher
Agostino Grisei I,publisher
Johann Christoph Cosmerovius,publisher
Alessandro Griffio,publisher
Giovanni Giacomo Carlino,publisher
Gregorio Arnazzini,publisher
Erasmo Viotti,publisher
Lodovico Grignani,publisher
Bonaventura Torrentino,publisher
Matthäus Cosmerovius,publisher
Pietro Salvioni,publisher
Pietro Giovanni Calenzano,publisher
Marino Rossetti,publisher
Agostino Grisei I,publisher
Niccolò Pezzana,publisher
Melchiorre Sessa,publisher
Girolamo Albrizzi,publisher
Giovanni Marco Salvioni,publisher
Giunti,publisher
Johann Jäcklin,publisher
Giuseppe Longhi,publisher
Niccolò Pezzana,publisher
Giovanni Pietro Pinelli,publisher
Gabriele Giolito de' Ferrari,publisher
Costantino Pisarri,publisher
Michele Luigi Muzio,publisher
Matthäus Cosmerovius,publisher
Francesco Moucke,publisher
Lelio Dalla Volpe,publisher
Lelio Dalla Volpe,publisher
Giacomo Sarzina,publisher
Cristoforo Tomasini,publisher
Johann Peter van Ghelen,publisher
Nicolò Tebaldini,publisher
Giulio Borzaghi,publisher
Marino Rossetti,publisher
Francesco Gonzaga,publisher
Johann Peter van Ghelen,publisher
Tarquinio Longo,publisher
Giacomo Sarzina,publisher
Johann Peter van Ghelen,publisher
Alessandro de' Vecchi,publisher
Giuseppe Longhi,publisher
Lelio Dalla Volpe,publisher
Giovanni Battista Albrizzi,publisher
Francesco Corbelletti,publisher
Marino Rossetti,publisher
Francesco  Pomatelli,publisher
Marino Rossetti,publisher
Johann Peter van Ghelen,publisher
Giovanni Marco Salvioni,publisher
Johann Peter van Ghelen,publisher
Pietro Salvioni,publisher
Johann Friedrich Gleditsch,publisher
Giovanni Baleni,publisher
Flaminio Concordia,publisher
Marino Rossetti,publisher
Giovanni Antonio Remondini,publisher
Johann Peter van Ghelen,publisher
Girolamo Discepolo,publisher
Antonio Pisarri,publisher
Francesco Rampazetto,publisher
Giovanni Battista Granata,publisher
Giovanni Guerigli,publisher
Bartolomeo Sermartelli,publisher
Michelangelo Sermartelli,publisher
Domenico Lovisa,publisher
Francesco  Pomatelli,publisher
Bartolomeo II Sermartelli,publisher
Bartolomeo Merlo,publisher
Domenico Lovisa,publisher
Giovanni Battista Ciotti,publisher
Costantino Pisarri,publisher
Marino Rossetti,publisher
Mascardi,publisher
Johann Peter van Ghelen,publisher
Johann Peter van Ghelen,publisher
Michele Luigi Muzio,publisher
Giovanni Battista Bidelli,publisher
Johann Peter van Ghelen,publisher
Marino Rossetti,publisher
Niccolò Pezzana,publisher
Antonio Pisarri,publisher
Modesto Fenzo,publisher
Susanna Christina Cosmerovius,publisher
Giunti,publisher
Michele Luigi Muzio,publisher
Girolamo Albrizzi,publisher
Giunti,publisher
Antonio Maria Albizzini,publisher
Giuseppe Richino Malatesta,publisher
Giunti,publisher
Giuseppe Longhi,publisher
Giuseppe Richino Malatesta,publisher
Pietro Nesti,publisher
Ercole Gori,publisher
Giovanni Battista Albrizzi,publisher
Antonio Bulifon,publisher
Matthäus Cosmerovius,publisher
Marino Rossetti,publisher
Andrea Muschio,publisher
Francesco  Pomatelli,publisher
Francesco Moneta,publisher
Susanna Christina Cosmerovius,publisher
Marino Rossetti,publisher
Francesco Corbelletti,publisher
Domenico Lovisa,publisher
Gabriele Giolito de' Ferrari,publisher
Giuseppe Richino Malatesta,publisher
Johann Peter van Ghelen,publisher
Marino Rossetti,publisher
Giovanni Battista Recurti,publisher
Antonio Bortoli,publisher
Johann Peter van Ghelen,publisher
Marino Rossetti,publisher
Girolamo Albrizzi,publisher
Giovanni Antonio Sogliani,publisher
Penada,publisher
Johann Friedrich Gleditsch,publisher
Pietro Brea,publisher
Marino Rossetti,publisher
Johann Friedrich Gleditsch,publisher
Johann Friedrich Gleditsch,publisher
Gabriele Giolito de' Ferrari,publisher
Lazzaro Scoriggio,publisher
Marino Rossetti,publisher
Susanna Christina Cosmerovius,publisher
Giovanni Francesco Chracas,publisher
Michele Luigi Muzio,publisher
Giovanni Battista Conzatti,publisher
Marino Rossetti,publisher
Giacomo Antonio Somasco,publisher
Luca Bonetti,publisher
Marino Rossetti,publisher
Giunti,publisher
Francesco Moucke,publisher
Marco Antonio Pandolfo Malatesta,publisher
Marino Rossetti,publisher
Marino Rossetti,publisher
Giunti,publisher
Giacomo Fei,publisher
Mascardi,publisher
Bartolomeo Sermartelli,publisher
Secondino Roncagliolo,publisher
Giuseppe Longhi,publisher
Marino Rossetti,publisher
Antonio Maria Albizzini,publisher
Giovanni Maria Farroni,publisher
Francesco Ziletti,publisher
Pietro Salvioni,publisher
Andrea Monti,publisher
Benedetto Giunti,publisher
Bartolomeo Merlo,publisher
Giovanni Battista Ciotti,publisher
Giovanni Simbeni,publisher
Johann Peter van Ghelen,publisher
Johann Peter van Ghelen,publisher
Johann Peter van Ghelen,publisher
Marino Rossetti,publisher
Marco Antonio Pandolfo Malatesta,publisher
Angelo Geremia,publisher
Angelo Geremia,publisher
Marco Ginammi,publisher
Marino Rossetti,publisher
Antonio Bortoli,publisher
Giovanni Battista Ciotti,publisher
Johann Peter van Ghelen,publisher
Domenico Montanaro,publisher
Giuseppe Pandolfo Malatesta,publisher
Johann Peter van Ghelen,publisher
Matthäus Cosmerovius,publisher
Marino Rossetti,publisher
Matthäus Cosmerovius,publisher
Valente Panizza,publisher
Marino Rossetti,publisher
Bartolomeo Soliani II,publisher
Giovanni Battista Bidelli,publisher
Gabriele Giolito de' Ferrari,publisher
Matthäus Cosmerovius,publisher
Johann Christoph Cosmerovius,publisher
Marino Rossetti,publisher
Domenico Antonio Ercole,publisher
Mario Vigna,publisher
Evangelista Deuchino,publisher
Giovanni Padovano,publisher
Domenico Lovisa,publisher
Marino Rossetti,publisher
Johann Christoph Cosmerovius,publisher
Marino Rossetti,publisher
Giovanni Francesco Bianco,publisher
Michelangelo Sermartelli,publisher
Giovanni Battista Pasquali,publisher
Penada,publisher
Johann Peter van Ghelen,publisher
Giuseppe Richino Malatesta,publisher
Lelio Dalla Volpe,publisher
Lelio Dalla Volpe,publisher
Giacomo Como,publisher
Lodovico Monza,publisher
Susanna Christina Cosmerovius,publisher
Giacomo Monti,publisher
Francesco Rampazetto,publisher
Domenico Lovisa,publisher
Niccolò Pezzana,publisher
Lodovico Grignani,publisher
Marino Rossetti,publisher
Giovanni Alberti,publisher
Roberto Mollo,publisher
Susanna Christina Cosmerovius,publisher
Giovanni Domenico Roncagliolo,publisher
Costantino Pisarri,publisher
Giuseppe Longhi,publisher
Lelio Dalla Volpe,publisher
Lelio Dalla Volpe,publisher
Francesco Gonzaga,publisher
Domenico Lovisa,publisher
Giuseppe Longhi,publisher
Johann Peter van Ghelen,publisher
Girolamo Albrizzi,publisher
Alessandro de' Vecchi,publisher
Giacomo Monti,publisher
Lelio Dalla Volpe,publisher
Gabriele Giolito de' Ferrari,publisher
Marino Rossetti,publisher
Lelio Dalla Volpe,publisher
Lodovico Grignani,publisher
Francesco Moucke,publisher
Susanna Christina Cosmerovius,publisher
Niccolò Pezzana,publisher
Antonio Bortoli,publisher
Marino Rossetti,publisher
Francesco  Pomatelli,publisher
Nicolò Schiratti,publisher
Lodovico Grignani,publisher
Apostolic Camera,publisher
Giunti,publisher
Giovanni Domenico Roncagliolo,publisher
Antonio De Rossi,publisher
Francesco Corbelletti,publisher
Marino Rossetti,publisher
Girolamo Righettini,publisher
Bartolomeo Lupardi,publisher
Felix Carolus Musca,publisher
Domenico Lovisa,publisher
Felix Carolus Musca,publisher
Paolo Danza,publisher
Francesco  Pomatelli,publisher
Johann Friedrich Gleditsch,publisher
Giacomo Monti,publisher
Felix Carolus Musca,publisher
Angelo Geremia,publisher
Gabriele Giolito de' Ferrari,publisher
Gabriele Giolito de' Ferrari,publisher
Marco Ginammi,publisher
Marino Rossetti,publisher
Johann Jäcklin,publisher
Lawrence Torrentinus,publisher
Johann Friedrich Gleditsch,publisher
Pietro Cecconcelli,publisher
Giovanni Marco Salvioni,publisher
Giovanni Marco Salvioni,publisher
Giovanni Battista Albrizzi,publisher
Giovanni Marco Salvioni,publisher
Johann Friedrich Gleditsch,publisher
Marino Rossetti,publisher
Francesco Corbelletti,publisher
Evangelista Deuchino,publisher
Marco Ginammi,publisher
Seth Viotti,publisher
Johann Peter van Ghelen,publisher
Giovanni Marco Salvioni,publisher
Susanna Christina Cosmerovius,publisher
Erasmo Viotti,publisher
Giacomo Tommasini,publisher
Giuseppe Longhi,publisher
Giovanni Guerigli,publisher
Mascardi,publisher
Alessandro Benacci,publisher
Giovanni Battista Zuccato,publisher
Girolamo Albrizzi,publisher
Francesco Corbelletti,publisher
Angelo Geremia,publisher
Guglielmo Facciotto,publisher
Nicolò d'Aristotele,publisher
Giuseppe Pavoni,publisher
Sebastiano Dalle Donne,publisher
Giovanni Battista Pasquali,publisher
Johann Friedrich Gleditsch,publisher
Johann Peter van Ghelen,publisher
Giuseppe Longhi,publisher
Domenico Lovisa,publisher
Lelio Dalla Volpe,publisher
Marino Rossetti,publisher
Carlo Zenero,publisher
Gabriele Giolito de' Ferrari,publisher
Susanna Christina Cosmerovius,publisher
Pietro Discepolo,publisher
Johann Christoph Cosmerovius,publisher
Guglielmo Facciotto,publisher
Johann Christoph Cosmerovius,publisher
Susanna Christina Cosmerovius,publisher
Girolamo Discepolo,publisher
Lelio Dalla Volpe,publisher
Giovanni Battista Albrizzi,publisher
Giovanni Battista Albrizzi,publisher
Giovanni Alberti,publisher
Francesco Gonzaga,publisher
Costantino Pisarri,publisher
Costantino Pisarri,publisher
Giunti,publisher
Stefano Alessi,publisher
Giovanni Battista Conzatti,publisher
Johann Peter van Ghelen,publisher
Bartolomeo Soliani II,publisher
Johann Christoph Cosmerovius,publisher
Lelio Dalla Volpe,publisher
Johann Peter van Ghelen,publisher
Johann Peter van Ghelen,publisher
Francesco Corbelletti,publisher
Giovanni Bariletti,publisher
Giovanni Battista Ciotti,publisher
Pietro Discepolo,publisher
Giovanni Alberti,publisher
Giunti,publisher
Guglielmo Facciotto,publisher
Giunti,publisher
Nicolò d'Aristotele,publisher
Giacomo Fei,publisher
Marino Rossetti,publisher
Matthäus Cosmerovius,publisher
Giuseppe Longhi,publisher
Giovanni Battista Sottile,publisher
Ottavio Beltrano,publisher
Bartolomeo Soliani II,publisher
Johann Peter van Ghelen,publisher
Novello De Bonis,publisher
Francesco Corbelletti,publisher
Francesco Rampazetto,publisher
Giacomo Sarzina,publisher
Costantino Pisarri,publisher
Lorenzo Crasso,publisher
Lorenzo Crasso,publisher
Marino Rossetti,publisher
Nicolò Schiratti,publisher
Girolamo Albrizzi,publisher
Susanna Christina Cosmerovius,publisher
Orazio Salviani,publisher
Johann Peter van Ghelen,publisher
Francesco Bolzetta,publisher
Benedetto Mammarello,publisher
Bartolomeo Sermartelli,publisher
Francesco Moneta,publisher
Giuseppe Longhi,publisher
Altobello Salicato,publisher
Niccolò Pezzana,publisher
Giacomo Monti,publisher
Matthäus Cosmerovius,publisher
Giuseppe Longhi,publisher
Girolamo Albrizzi,publisher
Costantino Pisarri,publisher
Gabriele Giolito de' Ferrari,publisher
Antonio Maria Albizzini,publisher
Nicolò d'Aristotele,publisher
Johann Andreas Erdmann Maschenbauer,publisher
Francesco Grossi,publisher
Antonio De Rossi,publisher
Marino Rossetti,publisher
Marino Rossetti,publisher
Johann Peter van Ghelen,publisher
Johann Peter van Ghelen,publisher
Matthäus Cosmerovius,publisher
Giuseppe Richino Malatesta,publisher
Marino Rossetti,publisher
Decio Cirillo,publisher
Pandolfo Malatesta,publisher
Susanna Christina Cosmerovius,publisher
Marco Ginammi,publisher
Marino Rossetti,publisher
Giacomo Monti,publisher
Marino Rossetti,publisher
Antonio Bortoli,publisher
Marino Rossetti,publisher
C. Cantoni,publisher
Susanna Christina Cosmerovius,publisher
Giacomo Dragondelli,publisher
Felix Carolus Musca,publisher
Johann Christoph Cosmerovius,publisher
Bartolomeo Soliani II,publisher
Pietro Farri,publisher
Domenico Lovisa,publisher
Pietro Discepolo,publisher
Giacomo Monti,publisher
Johann Peter van Ghelen,publisher
Felix Carolus Musca,publisher
Bernardo Giunti,publisher
Francesco  Pomatelli,publisher
Marino Rossetti,publisher
Cristoforo Tomasini,publisher
Francesco  Pomatelli,publisher
Nicolò Schiratti,publisher
Johann Peter van Ghelen,publisher
Marino Rossetti,publisher
Giovanni Battista Conzatti,publisher
Penada,publisher
Achille Barbiroli,publisher
Marino Rossetti,publisher
Giorgio Greco,publisher
Apostolic Camera,publisher
Francesco Rampazetto,publisher
Johann Christoph Cosmerovius,publisher
Marino Rossetti,publisher
Angelo Salvadori,publisher
Johann Jäcklin,publisher
Domenico Lovisa,publisher
Domenico Lovisa,publisher
Valerio Dorico,publisher
Luca Bonetti,publisher
Manelfo‏ ‎ ‏ Manelfi,publisher
Lodovico Monza,publisher
Susanna Christina Cosmerovius,publisher
Francesco Rampazetto,publisher
Johann Christoph Cosmerovius,publisher
Giuseppe Comino,publisher
Giovanni Domenico Roncagliolo,publisher
Mathias Cancer,publisher
Johann Peter van Ghelen,publisher
Giovanni Domenico Roncagliolo,publisher
Nicolò d'Aristotele,publisher
Marino Rossetti,publisher
Marino Rossetti,publisher
Penada,publisher
Francesco Gonzaga,publisher
Bartolomeo Soliani II,publisher
Domenico Lovisa,publisher
Susanna Christina Cosmerovius,publisher
Susanna Christina Cosmerovius,publisher
Antonio Bulifon,publisher
Agostino Grisei I,publisher
Johann Peter van Ghelen,publisher
Susanna Christina Cosmerovius,publisher
Francesco Marescandoli,publisher
Marino Rossetti,publisher
Bernardo Giunti,publisher
Gabriele Giolito de' Ferrari,publisher
Susanna Christina Cosmerovius,publisher
Giuseppe Longhi,publisher
Johann Christoph Cosmerovius,publisher
Marino Rossetti,publisher
Girolamo Albrizzi,publisher
Antonio Pisarri,publisher
Johann Christoph Cosmerovius,publisher
Antonio Pisarri,publisher
Susanna Christina Cosmerovius,publisher
Marino Rossetti,publisher
Vincenzo Valgrisi,publisher
Lelio Dalla Volpe,publisher
Marino Rossetti,publisher
Erasmo Viotti,publisher
Giuseppe Richino Malatesta,publisher
Domenico Lovisa,publisher
Giunti,publisher
Giuseppe Longhi,publisher
Matthäus Cosmerovius,publisher
Francesco Rampazetto,publisher
Giovanni Battista Robletti,publisher
Vittorio Baldini,publisher
Giovanni Battista Sottile,publisher
Lucas Straub,publisher
Marino Rossetti,publisher
Marino Rossetti,publisher
Johann Jäcklin,publisher
Girolamo Discepolo,publisher
Stefano Alessi,publisher
Marino Rossetti,publisher
Pietro Cecconcelli,publisher
Giacomo Fei,publisher
Francesco Corbelletti,publisher
Apostolic Camera,publisher
Marino Rossetti,publisher
Giovanni Battista Granata,publisher
Marino Rossetti,publisher
Lodovico Grignani,publisher
Giuseppe Pavoni,publisher
Francesco Gonzaga,publisher
Domenico Lovisa,publisher
Giacomo Monti,publisher
Johann Peter van Ghelen,publisher
Comin da Trino,publisher
Giunti,publisher
Ottavio Beltrano,publisher
Bartolomeo Lupardi,publisher
Giacomo Dragondelli,publisher
Johann Peter van Ghelen,publisher
Matthäus Cosmerovius,publisher
Johann Peter van Ghelen,publisher
Giuseppe Longhi,publisher
Giuseppe Longhi,publisher
"Loggia del Papa, Siena",publisher
Francesco Gonzaga,publisher
Francesco Gonzaga,publisher
Giacomo Raillard,publisher
Lelio Dalla Volpe,publisher
Giacomo Antonio Somasco,publisher
Giovanni Ghisolfi,publisher
Giovanni Marco Salvioni,publisher
Johann Christoph Cosmerovius,publisher
Matthäus Cosmerovius,publisher
Girolamo Discepolo,publisher
Giovanni Battista Zuccato,publisher
Susanna Christina Cosmerovius,publisher
Pietro Salvioni,publisher
Bartolomeo Zanetti,publisher
Marino Rossetti,publisher
Giuseppe Longhi,publisher
Giacomo Como,publisher
Bartolomeo Sermartelli,publisher
Johann Christoph Cosmerovius,publisher
Felix Carolus Musca,publisher
Francesco Gonzaga,publisher
Susanna Christina Cosmerovius,publisher
Susanna Christina Cosmerovius,publisher
Johann Christoph Cosmerovius,publisher
Francesco Corbelletti,publisher
Giuseppe Richino Malatesta,publisher
Giovanni Battista Ciotti,publisher
Costantino Pisarri,publisher
Johann Peter van Ghelen,publisher
Domenico Lovisa,publisher
Agostino Alteri,publisher
Domenico Lovisa,publisher
Antonio Maria Albizzini,publisher
Giovanni Francesco Chracas,publisher
Johann Christoph Cosmerovius,publisher
Marino Rossetti,publisher
Nicolò Angelo Tinassi,publisher
Giovanni Battista Pinelli,publisher
Domenico Lovisa,publisher
Giuseppe Longhi,publisher
Marino Rossetti,publisher
Ottavio Beltrano,publisher
Michele Luigi Muzio,publisher
Alessandro de' Vecchi,publisher
Francesco Ferroni,publisher
Giovanni Battista Ciotti,publisher
Giovanni Maria Rizzardi,publisher
Antonio Bortoli,publisher
Giuseppe Pandolfo Malatesta,publisher
Giovanni Pietro Pinelli,publisher
Marino Rossetti,publisher
Michelangelo di Bartolomeo,publisher
Giovanni Baleni,publisher
Giovanni Francesco Monti,publisher
Giuseppe Longhi,publisher
Clemente Ferroni,publisher
Zanobi di Francesco Pignoni,publisher
Johann Peter van Ghelen,publisher
Johann Peter van Ghelen,publisher
Johann Peter van Ghelen,publisher
Giuseppe Longhi,publisher
Francesco Corbelletti,publisher
Gregorio Arnazzini,publisher
Marco Ginammi,publisher
Giorgio Angelieri,publisher
Andrea Poletti,publisher
Lazzaro Scoriggio,publisher
Matteo Florimi,publisher
Lodovico Grignani,publisher
Tarquinio Longo,publisher
Pietro Salvioni,publisher
Agostino Alteri,publisher
Pandolfo Malatesta,publisher
Agostino Alteri,publisher
Giacomo Fei,publisher
Carlo Zenero,publisher
Susanna Christina Cosmerovius,publisher
Johann Peter van Ghelen,publisher
Marino Rossetti,publisher
Marino Rossetti,publisher
Luigi Zanetti,publisher
Johann Peter van Ghelen,publisher
Lelio Dalla Volpe,publisher
Johann Jäcklin,publisher
Marino Rossetti,publisher
Lodovico Grignani,publisher
Marino Rossetti,publisher
Simeone di Niccolò Nardi,publisher
Marino Rossetti,publisher
Johann Peter van Ghelen,publisher
Vittorio Benacci,publisher
Giovanni Battista Bonfadino,publisher
Susanna Christina Cosmerovius,publisher
Bartolomeo Soliani II,publisher
Giuseppe Longhi,publisher
Giuseppe Longhi,publisher
Marino Rossetti,publisher
Marino Rossetti,publisher
Silvestro Marchetti,publisher
Giunti,publisher
Johann Jäcklin,publisher
Felix Carolus Musca,publisher
Alessandro de' Vecchi,publisher
Marino Rossetti,publisher
Michelangelo Sermartelli,publisher
Gabriele Giolito de' Ferrari,publisher
Bernardo Giunti,publisher
Antonio Braida,publisher
Marino Rossetti,publisher
Marino Rossetti,publisher
Marco Antonio Pandolfo Malatesta,publisher
Johann Christoph Cosmerovius,publisher
Vitale Mascardi,publisher
Giunti,publisher
Giovanni De Boy,publisher
Francesco Corbelletti,publisher
Luca Bonetti,publisher
Johann Peter van Ghelen,publisher
Marino Rossetti,publisher
Johann Peter van Ghelen,publisher
Giacomo Monti,publisher
Francesco Gonzaga,publisher
Johann Peter van Ghelen,publisher
Francesco Grossi,publisher
Giorgio Greco,publisher
Marino Rossetti,publisher
Giovanni Battista Ciotti,publisher
Felix Carolus Musca,publisher
"Loggia del Papa, Siena",publisher
Comin da Trino,publisher
Domenico Lovisa,publisher
Johann Jäcklin,publisher
Lucrezio Nucci,publisher
Marino Rossetti,publisher
Giuseppe Bortoli,publisher
Giovanni Battista Ciotti,publisher
Sebastiano Combi,publisher
Pietro Discepolo,publisher
Pietro Discepolo,publisher
Johann Peter van Ghelen,publisher
Agostino Grisei I,publisher
Marco Ginammi,publisher
Pietro Brea,publisher
Benedetto Mammarello,publisher
Bernardo Giunti,publisher
Giuseppe Longhi,publisher
Marino Rossetti,publisher
Marino Rossetti,publisher
Marino Rossetti,publisher
Domenico Lovisa,publisher
Guglielmo Facciotto,publisher
Melchiorre Sessa,publisher
Marino Rossetti,publisher
Johann Christoph Cosmerovius,publisher
Girolamo Discepolo,publisher
Pietro Discepolo,publisher
Ottavio Beltrano,publisher
Giovanni Battista Sessa,publisher
Bernardo Giunti,publisher
Alessandro de' Vecchi,publisher
Susanna Christina Cosmerovius,publisher
Bernardo Giunti,publisher
Matthäus Cosmerovius,publisher
Gabriele Giolito de' Ferrari,publisher
Lodovico Grignani,publisher
Bernardo Giunti,publisher
Giuseppe Longhi,publisher
Giovanni Francesco Chracas,publisher
Marino Rossetti,publisher
Francesco Gonzaga,publisher
Cosimo Giunta,publisher
Erasmo Viotti,publisher
Susanna Christina Cosmerovius,publisher
Girolamo Discepolo,publisher
Cristoforo Zane,publisher
Marco Ginammi,publisher
Giovanni Battista Bernabò,publisher
Giuseppe Comino,publisher
Matthäus Cosmerovius,publisher
Johann Christoph Cosmerovius,publisher
Matthäus Cosmerovius,publisher
Galeazzo Rosati,publisher
Marino Rossetti,publisher
Antonio De Rossi,publisher
Giuseppe Richino Malatesta,publisher
Giovanni Battista Granata,publisher
Giovanni Battista Granata,publisher
Johann Peter van Ghelen,publisher
Johann Peter van Ghelen,publisher
Matthäus Cosmerovius,publisher
Marco Antonio Pandolfo Malatesta,publisher
Marino Rossetti,publisher
Gabriele Giolito de' Ferrari,publisher
Marco Ginammi,publisher
Marino Rossetti,publisher
Marino Rossetti,publisher
Susanna Christina Cosmerovius,publisher
Susanna Christina Cosmerovius,publisher
Francesco Marescandoli,publisher
Giovanni Berno,publisher
Marino Rossetti,publisher
Costantino Pisarri,publisher
Giovanni Battista Bernabò,publisher
Costantino Pisarri,publisher
Johann Christoph Cosmerovius,publisher
Giovanni Francesco Valvasense,publisher
Johann Peter van Ghelen,publisher
Francesco Valvasense,publisher
Giovanni Giacomo Carlino,publisher
Antonio Bosio,publisher
Francesco Valvanese,publisher
Michele Coltellini,publisher
Rocco Bernabò,publisher
Marino Rossetti,publisher
Antonio Pisarri,publisher
Giuseppe Longhi,publisher
Giovanni Battista Zuccato,publisher
Mascardi,publisher
Susanna Christina Cosmerovius,publisher
Comino Ventura,publisher
Giovanni Battista Maringo,publisher
Francesco Grossi,publisher
Giuseppe Longhi,publisher
Giuseppe Longhi,publisher
Francesco Moneta,publisher
Susanna Christina Cosmerovius,publisher
Ignazio Lazzari,publisher
Andrea Poletti,publisher
Marino Rossetti,publisher
Marino Rossetti,publisher
Francesco Valvanese,publisher
Marino Rossetti,publisher
Penada,publisher
Lorenzo Ciani,publisher
Francesco  Pomatelli,publisher
Mascardi,publisher
Johann Christoph Cosmerovius,publisher
Zanobi di Francesco Pignoni,publisher
Marino Rossetti,publisher
Marco Ginammi,publisher
Giuseppe Richino Malatesta,publisher
Gabriele Giolito de' Ferrari,publisher
Marino Rossetti,publisher
Domenico Lovisa,publisher
Marino Rossetti,publisher
Bernardo Giunti,publisher
Giovanni Battista Somasco,publisher
Johann Christoph Cosmerovius,publisher
Marino Rossetti,publisher
Stefano Alessi,publisher
Pietro Salvioni,publisher
Ottavio Beltrano,publisher
Giovanni Domenico Roncagliolo,publisher
Susanna Christina Cosmerovius,publisher
Antonio Pisarri,publisher
Girolamo Discepolo,publisher
Bonaventura Torrentino,publisher
Giunti,publisher
Giunti,publisher
Girolamo Albrizzi,publisher
Johann Peter van Ghelen,publisher
Agostino Discepolo,publisher
Giovanni Marco Salvioni,publisher
Antonio Bortoli,publisher
Francesco Rampazetto,publisher
Susanna Christina Cosmerovius,publisher
Michele Wagner,publisher
Marino Rossetti,publisher
Michele Ercole,publisher
Marino Rossetti,publisher
Marino Rossetti,publisher
Giuseppe Longhi,publisher
Mariano Diotallevi,publisher
Marino Rossetti,publisher
Susanna Christina Cosmerovius,publisher
Marino Rossetti,publisher
Nicolò d'Aristotele,publisher
Bartolomeo Sermartelli,publisher
Giovanni Battista Zuccato,publisher
Marino Rossetti,publisher
Marino Rossetti,publisher
Susanna Christina Cosmerovius,publisher
Marino Rossetti,publisher
Antonio Bortoli,publisher
Giovanni Francesco Buagni,publisher
Penada,publisher
Niccolò Pezzana,publisher
Pietro Discepolo,publisher
Erasmo Viotti,publisher
Susanna Christina Cosmerovius,publisher
Marino Rossetti,publisher
Marino Rossetti,publisher
Lazzaro Scoriggio,publisher
Giovanni Pietro Pinelli,publisher
Giovanni Battista Conzatti,publisher
Giovanni Francesco Chracas,publisher
Giovanni Antonio Remondini,publisher
Francesco Rampazetto,publisher
Johann Christoph Cosmerovius,publisher
Costantino Pisarri,publisher
Marino Rossetti,publisher
Francesco Valvanese,publisher
Pietro Discepolo,publisher
Pietro Giovanni Calenzano,publisher
Simone Occhi,publisher
Giuseppe Bettinelli,publisher
Lelio Dalla Volpe,publisher
Giuseppe Bettinelli,publisher
Lelio Dalla Volpe,publisher
Giuseppe Bettinelli,publisher
Giuseppe Bettinelli,publisher
Modesto Fenzo,publisher
Cristoforo Zane,publisher
Giuseppe Bettinelli,publisher
Giovanni Battista Pasquali,publisher
Giovanni Battista Pasquali,publisher
Giovanni Francesco Buagni,publisher
Giuseppe Longhi,publisher
Giuseppe Longhi,publisher
Lelio Dalla Volpe,publisher
Giovanni Francesco Buagni,publisher
Giovanni Battista Pasquali,publisher
Andrea Fei,publisher
Niccolò Pezzana,publisher
Giovanni Battista Pasquali,publisher
Giuseppe Bettinelli,publisher
Giovanni Battista Pasquali,publisher
Domenico Lovisa,publisher
Giuseppe Bettinelli,publisher
Giovanni Battista Pasquali,publisher
Giuseppe Longhi,publisher
Achille Barbiroli,publisher
Simone Occhi,publisher
Andrea Fei,publisher
Giovanni Manfrè,publisher
Lelio Dalla Volpe,publisher
Domenico Lovisa,publisher
Giuseppe Bettinelli,publisher
Giuseppe Longhi,publisher
Giovanni Battista Pasquali,publisher
Lelio Dalla Volpe,publisher
Lelio Dalla Volpe,publisher
Giuseppe Longhi,publisher
Giovanni Battista Pasquali,publisher
Giovanni Battista Pasquali,publisher
Giuseppe Bettinelli,publisher
Giuseppe Bettinelli,publisher
Giovanni Battista Pasquali,publisher
Lelio Dalla Volpe,publisher
Giuseppe Bettinelli,publisher
Francesco Valvasense,publisher
Nicolò d'Aristotele,publisher
Francesco Valvasense,publisher
Giuseppe Longhi,publisher
Francesco Moucke,publisher
Giovanni Marco Salvioni,publisher
Giuseppe Bettinelli,publisher
Giuseppe Bettinelli,publisher
Lelio Dalla Volpe,publisher
Giovanni Manfrè,publisher
Giovanni Battista Pasquali,publisher
Giuseppe Bettinelli,publisher
Gaetano Albizzini,publisher
Lelio Dalla Volpe,publisher
Giovanni Domenico Roncagliolo,publisher
Giovanni Battista Pasquali,publisher
Girolamo Albrizzi,publisher
Giuseppe Bettinelli,publisher
Giovanni Francesco Buagni,publisher
Domenico Lovisa,publisher
Giovanni Maria Rizzardi,publisher
Bernardo Paperini,publisher
Giovanni Battista Ciotti,publisher
Giuseppe Bettinelli,publisher
Lelio Dalla Volpe,publisher
Giuseppe Bettinelli,publisher
Giovanni Manfrè,publisher
Giuseppe Comino,publisher
Lelio Dalla Volpe,publisher
Giuseppe Longhi,publisher
Giuseppe dall'Oglio,publisher
Giacomo Monti,publisher
Giovanni Battista Pasquali,publisher
Francesco Valvasense,publisher
Giuseppe Longhi,publisher
Giuseppe Bettinelli,publisher
Antonio Pisarri,publisher
Giuseppe Bettinelli,publisher
Giovanni Francesco Buagni,publisher
Giovanni Battista Conzatti,publisher
Domenico Lovisa,publisher
Giuseppe Bettinelli,publisher
Giuseppe Bettinelli,publisher
Giuseppe Bettinelli,publisher
Johann Friedrich Gleditsch,publisher
Johann Friedrich Gleditsch,publisher
Giovanni Francesco Buagni,publisher
Giuseppe Bettinelli,publisher
Antonio Pisarri,publisher
Giovanni Battista Pasquali,publisher
Cristoforo Zane,publisher
Domenico Lovisa,publisher
Giovanni Battista Pasquali,publisher
Giuseppe Longhi,publisher
Lelio Dalla Volpe,publisher
Francesco Valvasense,publisher
Giovanni Battista Pasquali,publisher
Giuseppe Bettinelli,publisher
Modesto Fenzo,publisher
Giuseppe Bettinelli,publisher
Giuseppe Bettinelli,publisher
Francesco Marescandoli,publisher
Modesto Fenzo,publisher
Bernardo Paperini,publisher
Giuseppe Bettinelli,publisher
Johann Friedrich Gleditsch,publisher
Giuseppe Longhi,publisher
Giovanni Francesco Buagni,publisher
Giovanni Battista Pasquali,publisher
Giovanni Francesco Buagni,publisher
Giuseppe Bettinelli,publisher
Giuseppe Bettinelli,publisher
Simone Occhi,publisher
Simone Occhi,publisher
Giovanni Manfrè,publisher
Giuseppe Bettinelli,publisher
Giuseppe Longhi,publisher
Lelio Dalla Volpe,publisher
Pietro Bassaglia,publisher
Lelio Dalla Volpe,publisher
Giovanni Manfrè,publisher
Giuseppe Bettinelli,publisher
Giuseppe Bettinelli,publisher
Giuseppe Bettinelli,publisher
Modesto Fenzo,publisher
Modesto Fenzo,publisher
Giovanni Battista Pasquali,publisher
Giovanni Battista Pasquali,publisher
Giovanni Battista Pasquali,publisher
Francesco Valvasense,publisher
Francesco Valvasense,publisher
Giovanni Battista Pasquali,publisher
Giovanni Battista Pasquali,publisher
Giuseppe Bettinelli,publisher
Giovanni Battista Pasquali,publisher
Pietro Bassaglia,publisher
Giovanni Battista Pasquali,publisher
Giuseppe Longhi,publisher
Giovan Battista Turlino,publisher
Antonio Pisarri,publisher
Simone Occhi,publisher
Giovanni Francesco Chracas,publisher
Lelio Dalla Volpe,publisher
Giuseppe Bettinelli,publisher
Pietro Bassaglia,publisher
Antonio Bortoli,publisher
Giovanni Francesco Buagni,publisher
Giovanni Battista Pasquali,publisher
Antonio Pisarri,publisher
Lelio Dalla Volpe,publisher
Giovanni Battista Pasquali,publisher
Giovanni Battista Pasquali,publisher
Giuseppe Bettinelli,publisher
Giovanni Battista Pasquali,publisher
Pietro Discepolo,publisher
Giovanni Battista Pasquali,publisher
Giovanni Battista Pasquali,publisher
Giuseppe Bettinelli,publisher
Francesco Valvasense,publisher
Giovanni Manfrè,publisher
Giovanni Francesco Buagni,publisher
Francesco Valvasense,publisher
Antonio Bortoli,publisher
Giovanni Francesco Buagni,publisher
Giuseppe Bettinelli,publisher
Giovanni Battista Pasquali,publisher
Lelio Dalla Volpe,publisher
Giovanni Francesco Buagni,publisher
Giovanni Battista Pasquali,publisher
Giovanni Manfrè,publisher
Lelio Dalla Volpe,publisher
Giovanni Manfrè,publisher
Lelio Dalla Volpe,publisher
Giuseppe Longhi,publisher
Giovanni Battista Pasquali,publisher
Giovanni Battista Pasquali,publisher
Giacomo Monti,publisher
Modesto Fenzo,publisher
Giovanni Francesco Buagni,publisher
Giovanni Francesco Buagni,publisher
Giuseppe Bettinelli,publisher
Giuseppe Bettinelli,publisher
Giuseppe Bettinelli,publisher
Francesco Valvasense,publisher
Antonio Bortoli,publisher
Giovanni Battista Pasquali,publisher
Francesco Valvasense,publisher
Giovanni Battista Pasquali,publisher
Lelio Dalla Volpe,publisher
Francesco Valvasense,publisher
Giuseppe Bettinelli,publisher
Pietro Bassaglia,publisher
Antonio Bortoli,publisher
Lelio Dalla Volpe,publisher
Antonio Pisarri,publisher
Modesto Fenzo,publisher
Giovanni Bazachi,publisher
Lelio Dalla Volpe,publisher
Giovanni Battista Pasquali,publisher
Giovanni Battista Pasquali,publisher
Giovanni Battista Pasquali,publisher
Modesto Fenzo,publisher
Modesto Fenzo,publisher
Giuseppe Bettinelli,publisher
Giovanni Battista Pasquali,publisher
Lelio Dalla Volpe,publisher
Giovanni Battista Pasquali,publisher
Giovanni Gabriele Hertz,publisher
Giovanni Battista Pasquali,publisher
Giuseppe Bettinelli,publisher
Lelio Dalla Volpe,publisher
Giuseppe Longhi,publisher
Giovanni Battista Pasquali,publisher
Francesco Moucke,publisher
Francesco Moucke,publisher
Giuseppe Bettinelli,publisher
Johann Friedrich Gleditsch,publisher
Giuseppe Longhi,publisher
Lelio Dalla Volpe,publisher
Giovanni Manfrè,publisher
Domenico Lovisa,publisher
Giovanni Battista Pasquali,publisher
Francesco Valvasense,publisher
Giovanni Battista Pasquali,publisher
Giuseppe Bettinelli,publisher
Giuseppe Bettinelli,publisher
Giuseppe Bettinelli,publisher
Modesto Fenzo,publisher
Giuseppe Bettinelli,publisher
Giuseppe Bettinelli,publisher
Giuseppe Bettinelli,publisher
Lelio Dalla Volpe,publisher
Lelio Dalla Volpe,publisher
Modesto Fenzo,publisher
Giovanni Francesco Buagni,publisher
Giovanni Francesco Buagni,publisher
Giuseppe Bettinelli,publisher
Antonio Pisarri,publisher
Girolamo Albrizzi,publisher
Lelio Dalla Volpe,publisher
Giuseppe Bettinelli,publisher
Giovanni Battista Pasquali,publisher
Giovanni Battista Pasquali,publisher
Lelio Dalla Volpe,publisher
Lelio Dalla Volpe,publisher
Giovanni Battista Conzatti,publisher
Antonio Pisarri,publisher
Lelio Dalla Volpe,publisher
Johann Friedrich Gleditsch,publisher
Giuseppe Longhi,publisher
Johann Friedrich Gleditsch,publisher
Lelio Dalla Volpe,publisher
Antonio Pisarri,publisher
Giovanni Battista Pasquali,publisher
Giovanni Battista Conzatti,publisher
Giovanni Francesco Buagni,publisher
Johann Friedrich Gleditsch,publisher
Giuseppe Bettinelli,publisher
Giovanni Francesco Buagni,publisher
Lelio Dalla Volpe,publisher
Lelio Dalla Volpe,publisher
Lelio Dalla Volpe,publisher
Giovanni Manfrè,publisher
Giuseppe Longhi,publisher
Modesto Fenzo,publisher
Giovanni Battista Pasquali,publisher
Giovanni Battista Recurti,publisher
Giovanni Battista Pasquali,publisher
Johann Friedrich Gleditsch,publisher
Johann Friedrich Gleditsch,publisher
Modesto Fenzo,publisher
Giovanni Francesco Buagni,publisher
Giovanni Francesco Buagni,publisher
Giovanni Battista Pasquali,publisher
Francesco Valvasense,publisher
Giovanni Battista Pasquali,publisher
Giuseppe Bettinelli,publisher
Modesto Fenzo,publisher
Marino Rossetti,publisher
Carlo Zenero,publisher
Johann Friedrich Gleditsch,publisher
Johann Friedrich Gleditsch,publisher
Johann Friedrich Gleditsch,publisher
Giovanni Battista Pasquali,publisher
Giovanni Battista Pasquali,publisher
Murari Gupta,publisher
Giuseppe Bettinelli,publisher
Giuseppe Bettinelli,publisher
Giovanni Battista Pasquali,publisher
Antonio Bortoli,publisher
Lelio Dalla Volpe,publisher
Giovanni Battista Recurti,publisher
Francesco Moucke,publisher
Alessandro Bindoni,publisher
Girolamo Righettini,publisher
Lelio Dalla Volpe,publisher
Giovanni Francesco Buagni,publisher
Giuseppe Longhi,publisher
Lelio Dalla Volpe,publisher
Giovanni Battista Pasquali,publisher
Lelio Dalla Volpe,publisher
Giuseppe Longhi,publisher
Johann Friedrich Gleditsch,publisher
Felix Carolus Musca,publisher
Giovanni Battista Pasquali,publisher
Giuseppe Longhi,publisher
Lelio Dalla Volpe,publisher
Giuseppe Bettinelli,publisher
Giovanni Francesco Buagni,publisher
Giovanni Manfrè,publisher
Domenico Lovisa,publisher
Giuseppe Longhi,publisher
Giovanni Battista Pasquali,publisher
Giuseppe Bettinelli,publisher
Giuseppe Longhi,publisher
Giovanni Battista Pasquali,publisher
Giuseppe Longhi,publisher
Giuseppe Longhi,publisher
Lelio Dalla Volpe,publisher
Giovanni Battista Pasquali,publisher
Giovanni Gabriele Hertz,publisher
Francesco Moucke,publisher
Giuseppe Longhi,publisher
Modesto Fenzo,publisher
Giovanni Francesco Buagni,publisher
Giovanni Francesco Buagni,publisher
Antonio Pisarri,publisher
Modesto Fenzo,publisher
Angelo Geremia,publisher
Giovanni Manfrè,publisher
Giuseppe Longhi,publisher
Giuseppe Longhi,publisher
Antonio Pisarri,publisher
Giuseppe Longhi,publisher
Giuseppe Longhi,publisher
Andrea Bonducci,publisher
Lelio Dalla Volpe,publisher
Giuseppe Bettinelli,publisher
Antonio Bortoli,publisher
Francesco Moucke,publisher
Giovanni Battista Pasquali,publisher
Giuseppe Longhi,publisher
Giuseppe Bettinelli,publisher
Francesco Moucke,publisher
Domenico Lovisa,publisher
Giovanni Francesco Buagni,publisher
Antonio Pisarri,publisher
Giovanni Antonio Sogliani,publisher
Giovanni Francesco Buagni,publisher
Giuseppe Bettinelli,publisher
Lelio Dalla Volpe,publisher
Giuseppe Bettinelli,publisher
Francesco Moucke,publisher
