name,qid,gender
Prospero Bonarelli,Q3407825,male
Giovanni Boldini,,
Bartolommeo Cappello,,
Carlo Giuseppe Cornacchia,,
Silvio Stampiglia,Q1375676,male
Bastiano Biancardi,,
Michele Brugueres,Q33176667,male
Domenico Vecchi,Q17142431,male
Giuseppe Gennaro,,
Giuseppe Gangezia,,
Feo Belcari,Q3068447,male
Mario Mazza,,
Bartolomeo e Pietro Rositini,,
Fulvio Genga,Q102712421,male
Alessandro Manerba,Q109503956,male
Bartolommeo Tacchello,,
Giorgio Ippolito Giorgi,,
Urbano Rizzi,,
Ippolito Bentivoglio,Q24205954,male
Pietro Metastasio,Q29473,male
Nicolò Minato,Q1987241,male
Giannicola Montanari,,
Scipione di Manzano,Q36834676,male
Giuseppe Cafora,,
Anselmo Marconi,,
Antonio Decio,Q42941837,male
Marzio Bartolini,,
Baldassarre Pisani,Q3633259,male
Giambattista Andreini,Q1134183,male
Serafino della Salandra,Q28793950,male
nan,Q929804,
Pietro Dolfin,Q55946467,male
Antonio Salvi,Q604920,male
Giovanni Battista Rodoteo,Q76446342,male
Alfonso Cavazzi,Q109838273,male
Alberto Lollio,Q44814629,male
Giovanni Fabrini,Q3767184,male
Cristoforo Rosario,,
Niccolò Forteguerri,Q3339581,male
Melchiorre Zoppio,Q3304995,male
Antonio Maria Lucchini,Q328132,male
Vincenzo Renieri,,
Marcello Macedonio,Q30137259,male
Paolo Vendramino,,
Gian Matteo Giannini,Q102287216,male
Alessandro Adimari,Q3609797,male
Antonio Abati,Q599437,male
Giuseppe Tristaino,,
L. B.,,
Pier Jacopo Martello,Q3902896,male
Luigi Groto,Q1876177,male
Giuseppe Squillacci,,
Giovanni Camillo Canzachi,Q5563792,male
Nicolò Corradini,Q1365580,male
Luisa Bergalli,Q1433799,female
Carlo Maria Maggi,Q1150131,male
Tranquillo Ambrosini,Q125676554,male
Tommaso Buoni,Q56648069,male
Donato Cupeda,Q98636911,male
Bernardino Pino da Cagli,Q3638727,male
Alfonso Romei,Q125692261,male
Bartolomeo Lucchini,,
Adriano Valerini,Q4685603,male
Giulio Cammillo Cavallini,,
Ettore Nini,Q101094734,male
Lodovico Dolce,Q1867806,male
Giorgio Roppacini,,
Antonio Zaniboni,Q605793,male
Gregorio Malisardi,,
Carlo Mancini di Catania,,
Luigi Ficieni,,
Ortensio Scamacca,,
Lionardo Omodei,,
Bernardino Turamini,,
Michelangelo Fantini,,
Girolamo Chisella,,
Pierre Corneille,Q747,male
Girolamo Bartolommei,Q109876959,male
Carlo Turco,Q3659919,male
Giovanni Angelo Lottini,Q56006600,male
Carlo Mancini,,
Giulio Cesare Becelli,Q3769557,male
Cherubino Bello,,
Vagnozzo Pica,,
Aurelio Amigazzi,,
Giacomo Donati,,
Benedetto Cinquanta,Q88943896,male
Ascanio Cacciaconti,Q111473416,male
Francesco Cirocchi,,
Giuseppe Mozzagrugno,,
Leone Alberici,,
Paolino Fiamma,,
Francesco Manzani,Q119854276,male
Vincenzo Grimani,Q1247746,male
Giuseppe Contri,,
Carlo Marchesini,,
Girolamo Giustiniani,Q94879879,male
Bartolommeo Groppi,,
Bernardino Campello,Q33125431,male
Ivo Gattula,,
Francesco Morabito,,
Giulio Cesare Corradi,Q328154,male
Lodovico Casale,,
Giuseppe Maria Buini,Q16571741,male
Antonio Ongaro,Q3619968,male
Giulio Salinero,Q61398186,male
Euripides,Q48305,male
Girolamo Garopoli,Q55228028,male
Bernardino Lombardi,Q87718066,male
Giovanni Faustini,Q380786,male
Aurelio Aureli,Q775525,male
Abate Minghelli,,
Carlo Bertini,,
Paolo Brusantini,Q55226067,male
Cesare Bellia,,
Sebastiano Martini,,
Antonio Marchi,Q603182,male
Cesare Latino Brancaleoni,,
Antonio Draghi,Q601855,male
Gabriello Chiabrera,Q2344301,male
Ansaldo Cebà,Q17453187,male
Carlo della Lengueglia,Q110164318,male
Giuseppe Domenico de Totis,Q19365861,male
Claudio Nicolà Stampa,Q106772388,male
Ercole Scala,,
Niccolò Bertini,,
Manilio Pannella,,
Giambatista Petrucci,,
Giacinto Andrea Cicognini,Q653588,male
Grazio Braccioli,Q3115893,male
Girolamo Frigimelica,Q1527033,male
Andrea e Pietro Paste,,
Francesco Maria Santinelli,,
Francesco Sbarra,Q16557398,male
Apostolo Zeno,Q349507,male
Alessandro Piccolomini,Q250089,male
Francesco Vaneschi,,
Jean Racine,Q742,male
Scipione Ponzio,,
Pietro Bernardo Palmaro,,
Girolamo Marti,,
Pietro Cassina,,
Matteo Noris,Q3299633,male
Francesco Berni,Q655618,male
Cesare Lucio Brancaleoni,,
Tommaso Aversa,Q3992704,male
Giovanni Soranzo,,
Pietro Longo,,
Annibale Lanzoni,Q73218886,male
Girolamo Castelli,,
Gabriello Zinano,,
Giulio Pancieri,Q24702220,male
Agostino Dolce,Q86710518,male
Jacopo Rossi,,
Nunzio Perciabosco,,
Giovanni Villifranchi,Q104257996,male
Cortese Cortesi,Q87769983,male
Francesco Cerati,,
Bongianni Gratarolo,Q55228458,male
Niccolò Carbone,Q105690614,male
Giovanni Sinibaldi,,
Silvestro Branchi,,
Francesco Andreini,Q1388981,male
Antonio Francesco Raineri,Q3619598,male
Antonio Buzzacarini,Q108937769,male
Giovanni Battista Giraldi,Q724672,male
Giacome Cortone,,
Ottavio d'Isa,,
Guidubaldo Benamati,Q3779548,male
Francesco Silvani,Q1441226,male
Giacomo Gabrieli,,
Carlo Alessandro Guidi,Q3610064,male
Vincenzo Gramigna,Q87746361,male
Francesco Passarini,Q97487808,male
Domenico David,Q25550456,male
Lodovico Adimari,Q3836356,male
Pietro Averara,Q114436265,male
Raffaello Borghini,Q3417359,male
Marc'Antonio Gasparini,,
Giuseppe di Vito,,
Ignazio Capaccio,,
Niccolò Leonardi,,
Pompeo Lucchesi,,
Giovan Battista Fagiuoli,Q3766070,male
Scipione Errico,Q3952401,male
Molière,Q687,male
Richard Steele,Q333148,male
Bernardino Todeschini,,
Guarino Rodiseo,,
Francesco Franchi,,
Ranieri Totti,,
Giovanni Pietro Candi,Q114390302,male
Incognito Accademico Ozioso,,
Antonio Vitagliani,,
Francesco Maidalchini,Q112434208,male
Ariodante Battei,,
Domenico Parrino,Q17450452,male
Biagio del Calamo,,
Domenico Cupeda,,
Francesco Stramboli,,
Giambattista Neri,Q100138747,male
Bruto Ferrandini,,
Cesare Simonetti,,
Giambatista Casalio,,
Giovanni de Nobili,,
Luca Pastronicchi,,
Cardinale Albani e Abate Filippo,,
Cristoforo Castelletti,Q47193241,male
Giovanni Andrea Spinola,Q3766409,male
Baldassarre Bonifacio,Q3633250,male
Bartolomeo Tortoletti,Q30308589,male
Pietro Paolo Todini,,
Simone Gralli,,
Simone Grassi,,
Francesco Maria Piccioli,Q102287540,male
Giuseppe Fivizzani,,
Francesco Mazzari,,
Giuseppe Grandini,,
Sebastiano Lazzarino,,
Ambrosio Borghesi,,
Enrico Altan,Q110215095,male
Tommaso Bonvicini,,
Giovanni Battista Seriasi,,
Luigi Manzini,Q18736532,male
Giovanni Donato Cucchetti,,
Bastiano di Francesco,Q3636100,male
Jacopo Nardi,Q352569,male
Vincenzo Panciatichi,,
Pietro Mancusio,,
Alessandro Cencio,,
Pier Maria Cecchini,Q3902918,male
Carlo Maria Benestante Sifolo,,
Giovanni Andrea Moniglia,Q42534467,male
Lodovico Aleardi,Q98665892,male
Alessandro Gargeria,,
Giovan Francesco Peranda,,
Torquato Tasso,Q168962,male
Lorenzo Cavalieri,,
Cesare Cremonini,Q936308,male
Mario Calimeri,,
Filippo Striglioni,,
Domenico Veraldo,,
Leopardo Bontempo,,
Giuseppe Berneri,Q3770101,male
Scipione Dionisio,,
Francesco Antonio Mansella,,
Bernardino Vitale,,
Galvano Castaldi,,
Francesco Benedetti,Q3749615,male
Andrea Peruco,,
Ubaldino Malavolti,Q111034872,male
Nicola Giuseppe Prescimone,Q109877045,male
Tommaso Canati,,
Cajo Gnavio,,
Carlo Sigismondo Capece,Q357164,male
Giovan Battista Comito,,
Marc'Antonio Bassi,,
Domenico Lalli,Q1237180,male
Bartolommeo Pavieri,,
Antonio Pagano,,
Teodoro Mengozzi,,
Silvio Fiorillo,Q3960869,male
Cristoforo Ivanovich,Q3246893,male
Giovanni de Grassis,,
Carlo Torre,Q106622070,male
Giovanni Battista Fusconi,,
Giovanni Francesco Savaro,Q3767286,male
Margherita Costa,Q3846932,female
Gaetano Anselone,,
Pietro Antonio Bernardoni,Q31752320,male
Michele Stanchi,,
Mattia Maria Bartolomei,,
Nicola degli Angeli,,
Lorenzo Guidotti,,
Pio Enea degli Obizzi,,
Jacopo Cicognini,Q18945533,male
Giuliano Gosellini,Q21567853,male
Benedetto Zuzzato,,
Accademici Oziosi di Spoleto e Ottusi di Macerata,,
Giuseppe Maria Cesari,,
Michelangelo Boccardi,Q112462560,male
Domenico Gisberti,Q56006746,male
Antonio Maria Monti,Q108765669,male
Agostino Tortoletti,,
Vincenzo Del Giudice,Q63302093,male
Gaspare Bonifacio,,
Fulgenzio Maria Galazzi,,
Marco Miani,,
Giovanni Domenico Pioli,,
Girolamo Gigli,Q3768932,male
Carlo Celano,Q3659181,male
Ferecida Cremete Elbeni,,
Raffaello Martiar,,
Girolamo Preti,Q3768975,male
Carlo Palermini,,
Francesco Egizio,,
Ascanio Pio di Savoia,,
Lodovico Cortesi,,
Ferdinando Leva,,
Antonio Fineschi da Radda,Q60978898,male
Giovanni Cosimo Villifranchi,Q3767054,male
Giambatista Bergazzano,,
Cirillo Pameno,,
Giovanni Francesco Busenello,Q1386331,male
Camillo Badoaro,,
Aurelio Amalteo,Q112518660,male
Camillo Boccaccio,,
Marco Antonio Rimena,Q106924841,male
Giuseppe d'Attellis,,
Angelita Scaramuccia,Q87188217,male
Benedetto Lassarmi,,
Orazio Persiani,Q97495853,male
Girolamo Collatelli,,
Simon Tomadoni,,
Marcantonio Gattinon,,
Andrea Barbazza,Q21548210,male
Francesco Antonio Flesca,,
Antonio Pandimo,Q109854748,male
Carlo Barbetta,,
Pietro Capacio,,
Lorenzo Perez Rabanal,,
Girolamo Borsieri,Q19357558,male
Valeria Miani,Q24202562,female
Andreano di Ruggieri,,
Malatesta Leonelli,,
Giambattista Massucci,,
Vincenzo Belando,Q86825390,male
Francesco Guglielmi,,
Giambattista Marzi,,
Armenoldo Sampognano,,
Alessandro Dionisio,,
Francesco Cavana,,
Fulvio Ghirlandi,,
Orazio Corcione,,
Francesco Bracciolini,Q322022,male
Pietro Susini,Q61041256,male
Adriano Morselli,Q2825078,male
Giacomo Francesco Bussani,Q3105052,male
Tommaso Stanzani,,
Giuseppe Vallaro,,
Angelo Beolco,Q1055609,male
Giulio Cesare Torelli,,
Livio Campana,,
Carlo Amadio,,
Francesco Canali,,
Giovanni Giustiniani,Q19862442,male
Bernardo Filippino,,
Girolamo Baruffaldi,Q328118,male
Fabio Glissenti,Q28599105,male
Giambatista Terzi,,
Francesco Nicola Frassoni,,
Ottavio Bellia,,
Giovanni Vincenzo Gravina,Q727363,male
Diomisso Guazzoni,,
Ridolfo Campeggi,Q15733674,male
Benedetto Ferrari,Q816842,male
Francesco Vulpiani,,
Michele della Marra,,
Pandolfo Collenuccio,Q3893150,male
Nicolò di Castelli,Q87180545,male
Fabrizio de Fornaris,Q3064020,male
Ottavio Argentino,,
Pietro Paolo Bissari,Q30524276,male
Vincenzo Brusantini,Q55226068,male
Francesco Pandolfi,,
Angelo Antonio Amabile,,
Pietro Pariati,Q328190,male
Carlo Vedoa,,
Francesco Pona,Q3081061,male
Francesco Biondi,,
Diego Ferula,,
Antonio Presutti,,
Alessandro Guidotti,Q125299494,male
Pellegrino Romito,,
Pietro Rinieri,,
Niccolò Negri,,
Paolo Veraldo,,
Diego Leguille,,
Francesco Garcia,,
Infiammato delle Donne,,
Niccolò Beregani,,
Filippo Vastrio,,
Giovanni Niccolò Boldon,,
Rainieri Cenci,,
Girolamo Bonsoni,,
Pietro Maria Suarez,Q3904047,male
Benedetto Pasqualigo,Q41617383,male
Guido Guidi,,
Luigi Alamanni,Q721846,male
M. Conte di Monte,,
Pier Francesco Goano,,
Giovanni Piazzon,,
Benedetto Giorgio Bravi,,
Giovanni Battista Leoni,Q19357554,male
Carlo Paganicesa,,
Girolamo Frisari,Q113866193,male
Andrea Gionti,,
Francesco Fiamma,,
Bernardino Marescotti,,
Giambatista Zangarini,,
Francesco Bertoldi,,
Francesco Sallustio Buonguglielmi,,
Domenico Repetta,,
Giacomo Turamini,,
Alessandro Bovio,,
Giorgio Masotti,,
Ottavio Tronsarelli,Q113853427,male
Vincenzo Giattini,,
Vincenzo Parisi,,
Antonio Santin,Q605025,male
Ilario Mancini,,
Giulio Cesare Bagnoli,Q110627466,male
Benedetto Marcello,Q312784,male
Camillo Contarini,,
Andrea Perucci,,
Pier Giovanni Balestrieri,,
Domizio Bombarda,,
Gioachino Bona,,
Giovanni Francesco Vita,,
Filippo Cappello,,
Fortunio Ralli,,
Bartolomeo Vitturi,Q809511,male
Girolamo Brusoni,Q3768903,male
Lodovico Bartolaia,Q98635929,male
Giacomo Castoreo,,
Paolo Emilio Badi,,
Giacomo Ariberti,,
Luigi Giusti,Q3107672,male
Giulio Sacrati,,
Angiovino Fidelno Nitano,,
Leone Parisetti,,
Giambatista Fusconi,,
Francesco Cini,,
Ottavio Rinuccini,Q443900,male
Giuseppe di Palma,,
Vincenzo Giusti,Q55228359,male
Francesco Zucchi,,
Vincenzo Cassani,Q2526858,male
Angelo  Schietti,Q102279160,male
Antonio Cotrona,,
Antonio Pacinelli,,
Rinaldo Cialli,Q115742014,male
Lorenzino de' Medici,Q1050480,male
Giovanni Aleardo Pisani,,
Giovanni Zito,,
Giuseppe Amati,Q3769953,male
Carlo Goldoni,Q165534,male
Carlo de' Dottori,Q3659984,male
Bonavventura Navesi,,
Giovanni Bonicelli,Q87067866,male
Andreano de' Ruggiers,,
Francesco Maria de Luco Sereni,,
Giambattista Calderari,,
Antonio Muscettola,Q3619934,male
Giovanni Palazzi,Q112469750,male
Orazio Persio,Q124616618,male
Bartolommeo Castoreo,,
Domenico Filippo Casanova,,
Giambatista Visconte,,
Giovanni Pietro Riva,,
Fulvio Testi,Q594614,male
Francesco Santorini,,
Giambatista Galliani,,
Giulio Agosti,Q110937135,male
Giacomo Castellani,Q96404958,male
Pietro Romolo Pignata,,
Francesco la Bruna,,
Giovanni Ondedei,Q19113141,male
Giovanni Antonio Spinola,Q117459155,male
Giovanni Ramelli,,
Giovanni Maria Cecchi,Q426305,male
Gasparo Polo,,
Teofilo de' Buoni,,
Maurizio Moro,Q6793850,male
Giovanni Cristiano Zeucher,,
Giambatista de' Franchi,,
Apollonio Apolloni,,
Gioseppo Gorini Corio,,
Accademico Quirino,,
Pietro Urbano,Q7193048,male
Coreggio Accademico Scioperato,,
Giambattista della Porta,Q334154,male
Ottone Lazzaro Scacco,,
Giovanni Ralli,,
Giulio Cesare Sorrentino,Q103844548,male
Giovanni della Motta,,
Giambatista Brandi,,
Fiso Accademico Sventato,,
Rannuzio Pallavicino,Q3419011,male
Girolamo Zoppio,Q523931,male
Accademici Catenati,,
Fausto Ferrari,,
Giovanni Guidotti,Q55483722,male
Francesco Garbarino,Q16557238,male
Farnelio Gioachino Panasitti,,
Antonio Conti,,
Francesco Bresciani,Q41567118,male
Giovanni Battista Manzini,Q52149190,male
Plautus,Q47160,male
Cristoforo Sicinio,,
Leo Allatius,Q725712,male
Giacomo dell'Angelo,,
Giambatista Bertageni,,
Benvenuto Flori,,
Ottavio Brescianini,,
Pier Angelo Zaguri,Q102287657,male
Tommaso Sasso,,
Giambattista Basile,Q555291,male
Francesco di Lemene,,
Agostino Piovene,Q20750793,male
Silvano Razzi,Q59526715,male
Bartolommeo Riccio,,
Giuseppe Gorini Corio,Q55228417,male
Giulio Cesare Croce,Q2640854,male
Giuseppe Galuppi,,
Paolo Antonio Valmarana,Q21289599,male
Michele Bua,,
Socci Perrettano,,
Cornelio Lanci,,
Fumoso della Congrega de' Rozzi,,
Jacopo Cordelli,,
Giovanni Vincenzo Vita,,
Giambatista Guvione,,
Francesco Belo,Q29867467,male
Niccolò Secchi,Q110083587,male
Scipione Francucci,,
Onofrio Onofri,Q35619783,male
Giovanni Brivio,,
Buonafede Vitali,Q3647120,male
Vincenzo Nolfi,Q25930112,male
Domenico Fortunati,,
Girolamo Giusti,Q27684108,male
Angela d'Orso,,
Giovanni Francesco Loredano,Q3767277,male
Giorgio Maria Rapparini,Q1525490,male
Giulio Cesare Allegri,,
Francesco Bernardo,,
Francesco d'Ambra,Q3081119,male
Pier Antonio dello Stricca Legacci,,
Domenico Andrea de Milo,,
Mariano Trinci detto Maniscalco,Q105846034,male
Pietro Ulini,,
Antonio Zanetti,,
Alessandro Sozzini,Q16854245,male
Francesco Gatticci,,
Scipione Agnelli,Q43774856,male
Falotico della Congrega de' Rozzi,,
Giovanni Giorgio Arione Astigiano,,
Valerio Fuligni,,
M. S. G. M,,
Girolamo Gomes,,
Antonio Arcoleo,Q109259090,male
Giambatista Vacondio,,
Luigi Riccoboni,Q3266530,male
Saverio Pansuti,Q88566989,male
Giambattista Sarto,,
Ferdinando Obizzi,Q87250979,male
Alessandro Miari,,
Belisario Valeriani,,
Domenico Balbi,Q17341069,male
Assennato,,
Gardici,,
Francesco Rossi,Q16557390,male
Giacomo Antonio Bergamori,Q98138197,male
Baldassarre Falsaperla,,
Pietro Francesco Minucci,,
Antonio Gori,Q59193542,male
Zaccheria Seriman,,
Bernardo Dovizi,Q823002,male
Eusebio Bianchi,,
Francesco Partini,,
Almerico Passarelli,,
Giovanni Battista Carminati,Q105834317,male
Giovanni Ambrogio Marini,Q16559711,male
Girolamo Sorboli,,
Benedetto Trinca,,
Domenico Regi,Q125287769,male
Sperone Speroni,Q352663,male
Giordano Bruno,Q36330,male
Francesco Fonsi,,
Teodoro Amaideni,,
Beltramo Poggi,,
Francesco Maria Gasparri,Q50330028,male
Loreto Mattei,Q27987861,male
Secondo Tarentino,,
Florido de Silvestris,Q3746766,male
Virgilio Salvi,,
Silvestro Cartaio,,
Silvestro Caratio,,
Eleuterio Rozzi,,
Gigio Artemio Giancarli,Q5879485,male
Girolamo Bernardini,,
Bernardino Algimoni,,
Francesco Antonio Rossi,,
Giacomo Guidozzo,,
Claudio Filippi,,
Accademici Animosi,,
Infuocato,,
Lelio Manfredi,Q16860735,male
Domenico Valderama,,
Giammaria Mozzetti,,
Giulio Nini,,
Ettore Pignatelli,,
Gabriele Zinani,Q3756702,male
Pietro Ottoboni,Q725737,male
Antonio Fanzaglia,,
Nicola Serino,Q3876360,male
Niccolò Amenta,Q3875827,male
Niccolò Biancolelli,,
Andrea Baiano,,
Anton Giulio Brignole Sale,Q2856998,male
Simone Tuballino,,
Rocco Maria Rossi,,
Antonino Salamoni,,
Ludovico Ariosto,Q48900,male
Girolamo Berardo,,
Dionisio Rondinelli,,
Girolamo Gentile,,
Francesco Caccianiga,,
Francesco Angelita,,
Cintio Laurelio,,
Giovanni Battista Martini,Q283651,male
Francesco Suppa,,
Francesco Belli,,
Girolamo Allè,Q113716100,male
Antonio Spezzani,,
Ruggiero Fedeli,Q18397297,male
Lucillo Brammini,,
Giorgio Busti,Q55226153,male
Alessandro Donzellini,Q27831940,male
Giovanni Antonio Ansaldo,,
Francesco Dispensa,,
Sicco Polenton,Q3960051,male
Camillo Scaligeri,,
Anton Maria Salvini,Q349065,male
Andrea Belmuro,,
Antonio Borosini,Q22351200,male
Giambattista Duranti,,
Giambatista Pasca,,
Luigi Tansillo,Q707853,male
Gianfrancesco Tranquillo,,
Pompeo Cadonici,,
Annibale Lomeri,,
Orlando Rubini,,
Agostino Lampugnani,Q21541854,male
Giuseppe Busti,,
Cherubina Venturella,,
Pietro Bonarelli della Rovere,Q109780821,male
Vincenzo Pandolfo,,
Giacomo Sinibaldi,Q110215160,male
Cornelio Malvasia,,
Cristoforo Lauro,,
"Francesco Scipione, marchese di Maffei",Q1587432,male
Orlando Pescetti,Q23072500,male
Pietro Paolo Carrara,Q40002948,male
Dario Varotari the Younger,Q1750304,male
Luca Contile,Q3838086,male
Francesco Antonio Novi,Q61627882,male
Attilio Baladorio,,
Fabbio Panazi,,
Pietro Piperno,Q18219689,male
Gerardo Ansaldi,Q124339464,male
Giovan Battista Ricciardi,Q55769135,male
Marco Largi,,
Pompeo di Montevecchio,Q96595379,male
Marco Morosini,Q3846300,male
Giovanni Claudio Pasquini,Q21036554,male
Agostino Michieli,,
Francesco Raù,,
Pierantonio Legacci,Q110164286,male
Andrea Valfrè di Bora,,
Giovanni Giacomo Alborghetti,,
Paolo Rossi,,
Antonio Maria da Siena,,
Alessandro Bombardieri,,
Marcello Giovanetti,Q3845601,male
Domenico Minghelli,,
Pier Cesare Longhi,,
Francesco Guerrini,,
Bernardino de Angelis,,
Filippo Finella,Q18945265,male
Carlo Noci,,
Lodovico Moro,,
Fabrizio Nanni,,
Paolo Richiedei,,
Giorgio Antonio Falier,,
Elia Vajani de' Borghi,,
Carlo Sanseverino,Q105649097,male
Angiolo Gabrieli,,
Tommaso Tomolini,,
Filoteo Cosmio,,
Fisso Promotore de' Signori Accademici Erranti di Brescia,,
Gasparo Furlani,,
Claudio Ottanello,,
Giovanni Dolfin,Q3107157,male
Cesare de' Cesari,,
Giovanni Capponi,Q22137914,male
Alessandro Spinello,,
Giulio Guazzini,,
Bernardo Luparini,,
Giammaria Cappelletti,,
Niccolò Machiavelli,Q1399,male
Giovanni Lorenzo Lucchesini,Q56006765,male
Girolamo Magagnati,Q24206468,male
Marcello Ferro,Q57337203,male
Camillo Lenzoni,,
Pietro Casnesio,,
Pietro Sanz,,
Lodovico Riccato,,
Giulio Cesare Malmignati,,
Carlo Bentivoglio,Q55225495,male
Giovanni Battista Abbati,Q110914659,male
Niccolò Barbieri,Q2055429,male
Francesco Coli,Q98110930,male
Borso Bonacossi,,
Nicolò Tani,,
Paolo Bartolucci,,
Giovanni Antonio de' Bonis,,
Virgilio Verucci,Q30333055,male
Quintilio Pizzuti,,
Niccolò Campani,Q3875842,male
Gabriele Antonio Lusino,,
Catullo detto Maretino,,
Domenico Manzini,,
Gennaro Sacchi,,
Falonio,,
Simone Falconio Pratoli,,
Bernardino Macio,,
Antonio Landi,Q3619733,male
Bernardino Bolzè,,
Dionigi Fiorilli,,
Tiberio Pulci,,
Ernando Tica,,
Francesco Maria Giovanardi,,
Sebastiano degli Antoni,,
Antonio Maria Consalvi,,
Desioso della Congrega degl'Insipidi di Siena,,
Francesco Frosini,Q3750015,male
Vincenzo Maria Orsoni,,
Antonio Cavallerino,Q3619393,male
Giovanni Leone Semproni,,
Girolamo Parabosco,Q29300,male
Carlo Tiberi,Q26710851,male
Agostino Zuccolo,,
Carlo Capece,,
Rafaele del Tauro,,
Pastore Monopolitano,,
Grisanto Reggiano,,
Muzio Manfredi,Q3868790,male
Inquieto Accademico Incognito,,
Giambatista Isabelli,,
Giovanni Simone Martini,,
Tommaso da Pesaro,,
Giambatista Giardini,,
Accademico Elisio fra Concordi di Ravenna,,
Stordito Accademico Insensato,,
Pier Giovanni Gottardi,,
Antonio Alamanni,Q2857170,male
Riccardo Riccardi,,
Gaspare Liviani,,
Riccardo Rodiano,,
Scipione Sgambati,Q97066392,male
Onofrio Giliberto,Q18945697,male
various authors,Q2818964,
Giulio Centralba,,
Giampietro Zanotti,Q3105136,male
Pietro Martire Scardona,,
Giovanni Biavi,Q3766833,male
Giulio Antonio Ridolfi,,
Giovanni Tommaso Ritondi,,
Antonio Caraccio,Q4214503,male
Pietro Aretino,Q296272,male
Ambrogio Passerotta,,
Giammaria Alessandrini di Lonzano,,
Angelo Baldalucchi,,
Clemente Girolamo Rota,,
Marco Petroccini,,
Giambattista Ancona,,
Giambatista Filippo Ghirardelli,,
Bonaventura Antonio Bravi,,
Bianco Bianchi,,
Niccolò Massucci,,
Giambatista Toschi,,
Giambattista Testi,,
Benedetto Mellini,Q81416547,male
Orazio Silvestri,Q3884932,male
Giuseppe de' Curti,,
Giambatista Boccabadati,,
Giovanni Andrea Lorenzani,Q52154085,male
Giovanni Battista Faggi,Q64493741,male
Francesco Domenici,,
Paolo Bozi,Q106704862,male
Gaspare Murtola,Q3098843,male
Ignazio Tedeschi e Paterno,,
Giovanni Battista Liviera,Q113686899,male
Girolamo Sartorelli,,
Annibale Marchese,Q98755031,male
Gian Tommaso Cangiano,,
Gaspare Licco,,
Francesco Dionigi,Q110039573,male
Francesco Leontino,,
Pietro Cioffi,,
un Religioso della Compagnia di Gesù,,
Giovanni Tommaso Cangiano,,
Niccolò Alfonso Viti,,
Domenico Treccio,,
Cesare  Sacchetti,Q102287313,male
Francesco Lorenzo Crotti,,
Girolamo Graziani,Q3768936,male
Francesco Arisi,Q41559595,male
Francesco De Lemene,Q3749878,male
Azzio Epibenio,,
Antonio Facchinelli,,
Vincenzo Galata,,
Gianandrea Lorenzani,,
Arcangelo Spagna,Q93233721,male
Nino Gagliardi,,
Pietr'Antonio Toniani,,
Udeno Inghirami,,
Agostino Moretto,,
Angelo Ingegneri,Q3617034,male
Giovanni Battista Bergazzano,,
Francesco Beverini,Q66736238,male
Leone Santi,Q107558344,male
Tancredi Cottone,,
Lorenzo Verzuso Beretti Landi,Q94935822,male
Giovanni Francesco Mignani,,
Alfonso Paioli,Q111232198,male
Felice Passero,Q110270055,male
Michele Zanardo,,
Pier Giovanni Brunetto,,
Giambatista Ancioni,,
Niccolò Montemellini,,
Federigo Ricciuoli,,
Federigo Pini,,
Gian Domenico Fillipeschi,,
F. V.,,
Cesare della Porta,,
Accademici di Salò,,
Strozzi Cicogna,Q55226727,male
Giulio Strozzi,Q3769792,male
Pietro Maria Valvason,,
Carlo Paceschi,,
Ercolano Ercolani,Q84603212,male
Giovanni Antonio Bianchi,Q5563671,male
Girolamo Rocco,,
Giuseppe Teodoli,,
Antonio da Pistoia,Q87656630,male
Giovanni Battista Recanati,Q15691232,male
Gentiluomo mantovano,,
Desiderio Cini,,
Fabio Tommaselli,,
Scipione Rota,,
Loreto Vittori,Q725197,male
Giovanni Battista Sarto,,
Giacomo Francesco Parisani,,
Confuso Accademico Ordito,,
Pompeo Interverio,,
Curzio Mannara,,
Ottavio della Rena,,
Paolo Moscardini,,
Antonio Franceschi,,
Giovanni Battista Crisci,,
Giovanni Briccio,Q3766896,male
Francesco Farina,,
Andrea Rossini,,
Giovanni Granelli,Q52154187,male
Girolamo Mercadanti,,
Marco Guazzo,Q3846186,male
Francesco Magnoni,,
Carlo Francesco Belli Badia,,
Ottavio Gigi,,
Francesco Antonio Ottati,,
Fabio Panezi,,
Orazio Vecchi,Q84146,male
Orfeo Buselli,,
Natale D'Amico,Q3870604,male
Barano Ramussatore,,
Francesco Bosellini,Q110223793,male
Paolo Salerno,,
un Gentiluomo Sanese,,
Marcello Ramignani,,
Angelo Griffoni,,
Giacomo Antonio Gatta,,
Giovan Giorgio Alione,Q3766129,male
Cesare Benassai,,
Gaspare Bragazzi,,
Alessandro Ciccolini,,
Antonio Santa Croce,,
Giovanni Battista Gregorace,,
Isabetta Coreglia,Q109860592,female
Giovanni Battista Corte,,
Dionisio Viola,,
Giuseppe Gallucci,,
Melchiorre de' Franciscis,,
Ermocrate Fabbrizi,,
Pasquale Malespina,,
Remìgio Nannini,Q21768292,male
Pietro Paolo Seta,,
Lorenzo Comparini,,
Lodovico Domenichi,Q3257803,male
Bernardino degli Azzi,,
Terence,Q172048,male
Andrea Abbaonio,,
Giovanni Fadini,,
Francesco Fozio,,
Giovanni Francesco Lupi,,
Eusebio Lucchetti,,
Giovanni Battista Pianelli,Q28382491,male
Francesco Maria Guidoboni,,
Sforza degli Oddi,Q16268327,male
Accademici Desiderosi,,
Filippo Gaetani,Q5448716,male
Giulio Bastardi,,
Domenico Zaffi,,
Tito Franceschini,,
Giambattista Gelli,Q518160,male
Antonio Straticò,,
Mario Guarnacci,Q3293459,male
Michelangelo Carmeli,Q4215450,male
Stefano Benedetto Pallavicino,Q321084,male
Giovanni Balcianelli,,
Guseppe Gorin,,
Agostino Luzzago,,
Giambatista Oddone,,
Pietro degli Angeli,Q3388211,male
Giovanni Andrea dell' Anguillara,Q3107000,male
Emanuele Tesauro,Q1334915,male
Orsato Giustiniano,,
Eubeno Buprattio,,
Lorenzo Longo,Q110215294,male
Cristoforo Montanini,,
Giambattista Uberti,,
Leonardo di Mess. Ambrogio,,
Andrea Calmo,Q352272,male
Federigo dal Corno,,
Giacomo Badoaro,Q3761981,male
Gasparo Gozzi,Q1232500,male
Erasmo de' Conti,,
Luigi Antonio Sabbatini,Q1703008,male
Cinto Aldimacchio,,
Fernando Leva,,
Giuseppe Murino Menna,,
Michele Sagramoso,,
Fabio Closio,,
Francesco Giovanni Antonio Bianchi,,
Niccolò Crasso,,
Andrea Ciccione,Q3615609,male
Francesco Rasi,Q363011,male
Giovanni Mario Crescimbeni,Q766828,male
Antonio Cariola,,
Marc'Antonio Catania,,
Francesco Antonio Rocco Ernandez,,
Gismondo Florio,,
Francesco Fulvio Frugoni,Q3750016,male
Tommaso Piatti,,
Rafaello Tauro,,
Giovanni Cesare Godi,,
Giovanni Andrea Zanotti,,
Dionisio di Napoli,,
Giovanni Agostino Cazza,,
Domizio Camerota,,
Bernardo Morando,Q30279409,male
Tenebroso,,
Maiolino Bisaccioni,Q21636115,male
Onorio Fabert,,
Guido Bellagra,,
Antonia Fontana,Q28801755,female
Gelio Valgemma,,
Giovanni Antonio Liberati,,
Pietro Sforza Pallavicino,Q1618919,male
Epifanio Gizzi,,
Giulio Leonardi,,
Quintiliano Crivelli,,
Favonio Ostiense,,
Cataldo Antonio Mannarino,Q3663234,male
Marc'Antonio Perillo,,
Pio Enea II Obizzi,Q3905362,male
Filippo Tomassini,,
Giovanni Cafora,,
Carlo Vigarani,Q2878912,male
Virginio Amoretti,,
Giulio Attolzi,,
Marc'Antonio Raimondo,,
Notturno napoletano,Q113255772,
Giacomo Cenci,Q110262718,male
Francesco Valentini,Q28800577,male
Pietro Buonfanti,Q61473992,male
Alessandro Calderoni,Q21548195,male
Francesco Ferrari,,
Federico Della Valle,Q2904654,male
Leon of Modena,Q1652176,male
Bonifacio Collina,Q60840343,male
Pier Cesare Larghi,,
Francesco Avola,,
Francesca Manzoni,Q17285111,female
Lotto Lotti,Q97575948,male
Tebaldo Fattorini,Q64686947,male
Antonio dall'Acqua,Q110928456,male
Vincenzo Piazza,Q114136973,male
Francesco Crispi,Q332626,male
Gaddo Gaddi,Q729041,male
Francesco Fallona,,
Castellano Castellani,Q55226628,male
Tommaso Giannini,Q55228222,male
Ambrogio Grigioni da Regello,,
Francesco Pisani,,
Girolamo Francesco Zanetti,Q27478552,male
Giovanni Antonio Bonardo Mangarda,,
Balduino di Monte Simoncelli,,
N. Guidant,,
Giuseppe Barlotta,,
Michelangelo Maria Ghiglione,,
Giovanni Angelo Altemps,Q55225064,male
Niccola Grasso,,
Lotto Del Mazza,Q109996872,male
Giovanni Maria Muti,Q97065196,male
Girolamo Barbieri,Q56073646,male
Agostino Gallini,,
Ercole Cimiloti,,
Giambattista Pianelli,,
Girolamo Bisaccione,,
Metello Chini,,
Giovanni Battista Marzi,Q24578772,male
Giovanni Francesco Saliti,Q112114816,male
Ercole Bentivoglio,,
Bastiano di Francesco Linajuolo,,
Antonio Maria Cartaio,,
Lorenzo Morari,,
Venturino Pisauro,,
Leonardo di Ser Ambrogio,,
Biagio Citanda,,
Illuminato Ferazzoli,,
Ottaviano Castelli,Q60843884,male
Girolamo Oddoni,,
Giambatista Romano Colonna,,
Prospero Tommasello,,
Tarlarini,,
Niccolò Altini,,
Luigi Pasqualigo,Q16932112,male
Fabbrizio Caraffa,,
Bartolomeo Paggi,,
Arcangelo Arcangeli,Q97066234,male
Bernardino Bonporto,,
Giovanna di Benedetto,,female
Pietro Barbieri,,
Francesco Bozza,Q105475882,male
Domenico Ortuso,,
Vincenzo Maria Veltroni,,
Angelo Filareti,,
Giambattista Guala,,
Moderata Fonte,Q457070,female
Vincenzo della Rena,,
Giuseppe Tancredi,,
Aurelio Corbellini,,
Bartolomeo Rossi,,
Antonio Mortaro,Q34934058,male
Orazio Serono,Q125160954,
Francesco Contarini,Q185348,male
Angelo Benigni,,
Francesco Podiani,Q121540888,
Ercole Pasquini,Q3731206,male
Alessandro Fellecchia,,
Michelangelo Buonarroti,Q1930983,male
Antonio Dionisi,,
Alfonso Torello,,
Giulio Cesare Canali,,
Antonia Tanini Pulci,Q18945018,female
Benigno Vadi Zonda,,
Ercole Pelliciari,,
Laura Guidiccioni,Q20005034,female
Domenico Maria Creta,,
Silvio Forteguerri,,
Enrico Antonio Verzelli,,
Pietro Giorgio Barziza,,
Gianpiero Lanzarini Bassanese,,
Antonio Bergoncini,,
Vincenzo Martinelli,,
Guido Baldo Bonarelli,Q2376577,male
Ercole Bonacossi,,
Marco Girolamo Vida,Q1340193,male
Acuto Accademico Rinnovato,,
Camillo della Valle,,
Pietro Matteacci,,
Cesare Zagaglia,,
Genserico dalle Biscie,,
Gaetano Zuanelli,Q64752420,male
Andrea Minelli,,
Giacomo Cicognini,,
Francesco Moderati,Q97572152,male
Pier Francesco Minacci,,
Francesco Luchi,,
Reginaldo Sgambati,,
Giuseppe Fianelli,,
Pietro Lippa Mattei,,
Lionardo de' Lionardis,,
Giacomo Badiale,Q107557073,male
Mattias Maria Bartolommei Smeducci,Q55225369,male
Flaminio Scala,Q387219,male
Lucius Livius,Q12285208,male
Carlo Ambrosi,,
Ardente Accademico Pietoso,,
Bernardino Moccia,,
Paolo Caggio,Q109837707,male
Niccolò Bellausa,,
Carlo Musarra,,
Francesco Righelli,,
Stefano Ghigi,,
Francesco Angeloni,Q1102576,male
Maddalena Campiglia,Q3842277,female
Andrea Salvadori,,
Novello Bonis,Q114593960,male
Giovanni Angelo Perucci,,
Antonio Vignali,Q15407381,male
Pietro Antonio Torriani,,
Alessandro Francucci,,
Massimo Celio,,
Corindo Corindo,,
Aniello Sarriano,,
Emilio Meli,,
Simone Carlo Rondinelli,,
Orazio Sorio,,
Publio Filippo Mantovano,Q60841494,male
Jacopo di Bientina,,
Giacomo Morri,,
Giambattista Salviati,,
Giuseppe Riccio,,
Giovanni Donato Lombardo,,
Lorenzo Burlini,,
Panicelli dell'Ordine de Minimi,,
Benedetto Lollio,,
Giovan Battista Testi,,
Malatesta Strinati,Q55280699,male
Francesco Cittadonio,,
Luca Raimondi,,
Anteo Samagas,,
Massimo Cammelli,,
Francesco Corte,,
Giambattista Seriati,,
Giovanni Battista Arigoni,,
Agostino Runco,,
Biagio Micalori,,
Carlo Sernicola,Q609811,male
Cesare Bianchetti Gambalunga,,
Matteo Pagani,,
Giuseppe Bernalli,,
Lorenzo Stellato,,
Raffaello Riccioli,,
Pomponio Torelli,Q3907904,male
Celso Zani,Q24035032,male
Giacomo Castellini,Q20747567,male
Antonio Cafora,,
Antomo Salva,,
Lorenzo Scotto,,
Carlo Fiamma,,
M. M. B. Accademico Offuscato,,
Vincenza Gabiani,,
Pier'Antonio Franceschi,,
Antonio Francesco Grazzini,Q602056,male
Angelo Gabrieli,Q117471963,male
Giuseppe Bigatti,,
Onorato Delfi,,
Domenico Ascavona,,
Goltivannio Salliebregno,,
Giovanni Pietro de' Negri,,
Anselmo Sansone,,
Accademico Sollevato,,
Antonio Eumaschi,,
Luigia Joèle,,female
Sottoginio Manasta,,
Lodovico Rota,Q109857541,male
Giovanni Battista Bertani,,
Cesare Abbelli,Q3665318,male
Antonio Maria di Francesco Cartaio,,
Francesco Giusti,Q74645859,male
Carlo Milanuzzi,Q1989583,male
Ambrogio Ruggero,,
Maria Clemente Ruoti,,female
Domenico Giupponi,,
Giulio Cesare Grazzini,Q118945040,male
Celestino Sinagra,,
Lodovico Cinque,,
Giovanni da Pistoja,,
Lorenzo Valerio,Q3259510,male
Niccolò Viti,,
Balduccio Angelini,,
Antonio Ghisilieri,Q41569760,male
Biasio Lauro dell'Amatrice,,
Tommaso Benci,Q88878452,male
Loise Oiele,,
Lorenzo de' Medici,Q177854,male
Paolo Saracino,,
Lelio Santa Maria,,
Galeotto Oddi,,
Padre di Colonia,,
Antonio Maria Anguisciola,,
Giacomo Buonaccorsi,,
Filocalo Caputo,,
Michelangelo,Q5592,male
Aniello Paulilli,,
Bernardo Sandrinelli,,
Prospero Liviano,,
Antonio Baldaga,,
Marcello Santini,Q114452055,
Giovanni Francesco Bussani,,
Luigi Orlandi,,
Pierpaolo Seta,,
Guido Casoni,Q3779222,male
Girolamo Tortoletti,,
Rubino Orlandi,,
Bonaventura Morone,Q3642052,male
Giulia Rangona,,female
Accademico Fisso,,
Francesco Sicola,,
Alberto Lavezzola,,
Salvatore Massonio,Q16599775,male
Lione Sanci,,
Melchior Bosli,,
Girolamo Manzone,,
Scannabecchi,,
Alfonso Colombo,,
G.B. D.A. E. C,,
Leonardo Salviati,Q3830435,male
Pietro Picini,Q61481305,male
Fabrizio Mirandola,,
Florio Tori,,
Stefano Serangeli,Q105274605,male
Giuseppe Bove,,
Paolo Mazzi,,
Ascanio Massimo,Q75359649,male
Andrea Baroncini,Q55225340,male
Giuseppe Artale,Q3770023,male
Matteo Agostini,,
Giambattista Bottalino,,
Maffio Venier,Q3843049,male
Pietro Parma,Q56562767,male
Orazio Navazzotto,,
Regolo Partini,,
Giovanni Battista Guarini,Q542039,male
Giovanni Filippo Apolloni,Q3767233,male
Scipione Bargagli,Q3952391,male
Stefano Cella,,
Pietro Riva,,
Fulvio Grati,,
Caracciol,,
Gian Rinaldo Carli,Q3762758,male
Antonio Ottaviano,,
Giovanni Benalio,,
Gabriele Brina,,
Fabrizio Niccolò Bezzi,,
Giacinto Maria Anti,,
Quinto Zane,,
Rinaldo Giangi,,
Ottavio Glorizio,Q55228374,male
Dario Sanzio,,
Giacomo Gemma,,
Carlo Volpe,,
Stefano Geronimi,,
Pietro Fido,,
Antonio Glielmo,Q55228373,male
Gandino Bolognese,,
Adamo Morselli,,
Q. M. V,,
Francesco Laccont,,
Francesco Piccoli,,
Giovanni Francesco Griffonelli,,
Daniello Geofilo Picigallo,,
Gaetano Massa,Q124647265,male
Adriano Politi,Q10266401,male
Curzio Gonzaga,Q3699724,male
Domenico Cornacchini,,
Lelio Maria Landi,,
Vincenzo Errante,Q4013245,male
Accademico Innominato de Raccolti,,
Marco Valdini,,
Brigida Bianchi,Q5733977,female
Giovanni Battista Danieli,,
Federico Gallesi,,
Antonio Serrovira,,
Orazio Francesco Ruberti,,
Zanobi Donnini,,
Francesco Guarini,,
Giovanni Battista dell’Ottonaio,Q17277722,male
Ferdinando Leto,,
Gabriello Gabrieli,,
Carlo Calcagnini,,
Veronica Maleguzzi Valeri,,female
Mariano Bruscato,,
Flamminio Terzi Lana,,
Francesco Alfonso di Sant'Antonio,,
Giusepe Casoli,,
Vincenzo Amati,,
Giangiuseppe Baviera,,
Tommaso Mahpiero,,
P. G.,,
Paolo Francesco Pallieri,,
Prospero Mandosio,Q3924132,male
Domenico Guglielmini,Q910092,male
Giovanni Paolo Pocobelli,,
Melchiorre Bosso,,
Giovanni Maria Pico,,
Girolamo Mattei,Q3107689,male
Giovan Battista Strozzi,Q16520779,male
Alvise Pasqualigo,,
Flaminio Guarnieri,Q109855782,male
Marc'Antonio Tornioli,,
Diofebe Agresti,,
Francesco Zazzara,,
Maria Costanza Pavin,,female
Giambattista Alberi,,
Gregorio de Monti,,
Vincenzo Giacobilli,,
Andrea Santa Maria,,
Ottaviano Zara,,
Carmeli,,
Giovanni Maria Milcetti,,
Valerio Mattiazzo,,
Giulio Pitti,,
Domenico de Sanctis,,
Ivan Perez,,
Gutteras della Valle,,
Francesco Briani,,
Vincenzo Amato,Q2526825,male
Giulio Pitu,,
Francesco Mondella,,
Giovanni Paolo Trapolini,,
Bernardino Pollipperi,,
Giambattista Mangione,,
Desioso Accademico Insipido,,
Giulio Cesare Castaldo,,
Giuseppe Ciampitelli,,
Antonio di Prezio,,
Francesco Mercati,Q109855804,male
Giovanni Battista Guizzardi,,
Giuseppe Vecchi,,
Bernardino Rigotto,,
Leonardo Cominelli,Q55914785,male
Bonetto Ghirardi,,
Accademici Sviati di Siena,,
Giuseppe Maria Cati,,
Bernardo Saracinelli,,
Filotheoro,,
F. N. B.,,
Donato Antonio Leonardi,Q93429606,male
Francesco del Teglia,,
Girolamo la Manna,,
Camillo Strozzi,,
Filadelfo Mugnos,Q1412431,male
Alessandro Guarini,Q109876838,male
Ottavio Bellia e Statella,,
Pietro Valerio,,
Niccolò da Ca Tajapiera,,
Niccolò Spranga,,
Giovane Francesco Contrini,,
Domenico Bordonaro,,
Federigo Riccioli,Q116822018,male
Agnolo Nannini,,
Francesco Solincorte,,
Antonio Schinella Conti,Q2087202,male
Giambattista Mamiani,,
Paolo Regio,Q25999351,male
Gennaro Sacco,,
Giuseppe Spinio,,
Niccolò Rodiani,,
Giammaria Muti,,
Giovanni Vincenzo Piccino,,
Giuseppe di Lauro,,
Antonio Dattomo,,
Giuliano Bezzi,Q55225623,male
Pietro Benedetti,Q3903690,male
Bartolommeo Abati,,
Flamminio Guarnieri,,
Porzio Mari,,
Tommaso Cervioni,Q64745801,male
Voltaire,Q9068,male
Battista Guarnelli,,
Giovanni Stochmar,,
Celso Pistoresli,,
Giovanni Antonio Quaretti,,
Glicerio dell'Annunciazione,,
Orazio Celli,,
Giambatista Berbanni,,
Giulio Serafini,Q1352290,male
Giovanni Jacopo Ricci,,
Luca de' Carli,,
Michelangelo Jacobilli,,
Giovanni Battista Grappelli,Q105871724,male
Francesco Sacrati,Q1402807,male
Carlo Tinti,,
Angiolo Lottini,,
Francesco Savino,Q125808925,male
Girolamo Falconi,,
Paolo Abbondio,,
Silbo Tropei,,
Giovanni Antonio Bergamori,,
Giulio Brigida,,
Giorgio Marras,Q1647352,male
Lodovico Seragone,,
Selvaggio Selvaggi,,
Dilettevole della Congrega de' Rozzi,,
Paolo Pedrusi,Q19860465,male
Gianantonio Bianchi,,
Caraeli,,
Maffeo Gallader,,
Giovanni Artico,,
Carlo Innocenzo Frugoni,Q2259161,male
Mario Podiani,Q87649669,male
Alessandro Caperano,Q88570915,male
Francesco Gentile,,
Benedetto Arsille,,
Claudio Achillini,Q712713,male
Antonio Rigo,,
Pietro Francesco Valentini,Q3903896,male
Vincenzo Jacobilli,Q109859379,male
Michele Bertolucci,,
Innocenzo Cibo Ghisi,Q97063849,male
Giambattista Cappellari,,
Marc'Antonio Ferretti,,
Isabella Andreini,Q2632451,female
Venturiano Carli,,
Traffillicense,,
Marcello di Giovanni Roncaglia,,
Iacopo Angelo Nelli,Q3791424,male
Francesco Majorana,,
Mariano Maniscalco,,
Vincenzo Marascia,,
Muzio Pansa,Q21206609,male
Lorenzo Arpa,,
Giovanni Bonifacio,Q15695516,male
Giovanni Cendoni,Q21418789,male
Cattarino Dolce,,
Rota Veneziano,,
Ambrogio Ambrogini,,
Giovanni Domenico di Lega,,
Antonio Persiani,,
Bernardino Faso,Q110779899,male
Giuseppe Mauro,,
Conte Landini,,
Jacopo Pagnini,,
Costantino della Santissima Trinità,,
Raffaella de Sergini,,
Giacomo de' Belli,,
Maria Isabella Clementini Liberati,,female
Antonio Cospi,,
Sebastiano Combo,,
Giambatista Venciveneri,,
Antonino Ruffo,,
Giovanni Francesco Tranquillo,Q3767290,male
Giambattista Calamari,,
Francesco Balducci,Q3749593,male
Francesco Petrei,,
Onofrio de Castro,,
Domenico Ruggieri,,
Nicola Vaccaro,Q7029132,male
Lorenzo Valeri,,
Bartolomeo Maiullari,,
Giovanni Matteo Giannini,Q113127085,male
Giovanni Fratta,Q15630918,male
Giambattista Pescatore,,
Cesare Caporali,Q3665373,male
Filippo Pelalogo,,
Eustachio Manfredi,Q3541151,male
Antonio Rosa Bustagatti,,
Giambattista Lampugnani,,
Giovanni Francesco Ferrenti,,
Giambattista Bertani,,
Giovanni Boccaccio,Q1402,male
Jacopo Lachi,,
Ippolito Zanella,,
Gregorio Belsensi,Q21556036,male
Benedetto de Sanctis,Q23616686,male
Niccolò Piperno,,
Mario Cevoli,,
Ferrante Scarnelli,,
Marc'Antonio dalle Tovaglie,,
Orazio Comite di Benevento,,
Cesare Asti,Q62077981,male
Giovanni Carlo Coppola,Q15921916,male
Jacopo Micalori,,
Giuseppe Filippo Liberati Marchi,Q16853761,male
D. B. Q. A. G.,,
Tiberio Gambaruti,Q3991118,male
Giuseppe Prescimonio,,
Annibale Niccolini,,
Giandommenico Bommattei Pioli,,
Massimiliano Pellegrini,,
Novello De Bonis,Q112499010,male
Cesare Bigolotti,Q31802237,male
Antonio della Sorte,,
Giovanni Battista Martinengo,Q113127082,male
Giovanni Francesco Alberti de Bormio,Q11924260,male
Tommaso Agostino Ricchini,Q87193344,male
Compassionevole,,
Girolamo Pico della Mirandola,Q112604170,male
Luca Raimondi Reggianono,,
Santo Ognibene,,
Domenico Federici,Q22808336,male
Domenico Lalli e Giovanni Boldrini,,
Ubaldino Ubaldini,Q55220596,male
Belisario,,
Giacomo Grisaldi,,
Antonio Borio,,
Giovanni di Bernardo Rucellai,Q1248954,male
Poliziano,Q250414,male
Valeriano Bulzè,Q25375493,male
Cesare Galletti,,
Francesco Melosio,Q3750280,male
Orazio Comite,,
Giorgio Jacopo Alcaino,,
Bernardino Percivallo,,
Guidobaldo Mercati,,
Accademici Intronati di Siena,,
Viviano de’ Viviani,Q68912194,male
Rossetti,,
Marino Negro,,
Giammaria Casini,,
Otto Mandelli,,
Giuseppe Maria Tomasi,Q772122,male
Giovanni Paolo Giovanello,,
Francesco Muazzo,,
Giovanni Andrea Bontempi,Q875506,male
Vincenzo Bilotta,,
Lodovico Zermignasi Malombra,,
Quirico Pandolfi,,
Filippo Mengarello,,
Pietro Bisensi,,
F. F. C.,,
Accademici di Padova,,
Girolamo Frassia,,
Giambattista Filauro,,
Curzio Fajani,,
Luigi Rusca,Q75195726,male
Placido Grano,,
Francesco Principato,,
Giovanni Paolo Vesio,,
Giammaria Guicciardi,,
Scipione de' Barbieri,,
Giustino d'Antonio Berti,,
Giovanni Domenico Bregolini,,
Enea Piccolomini (attr.),,
Marc'Antonio Marzi,,
Giambattista Maccioni,,
Pietro Bagliani,,
Giacomo d’Aquino,Q30524058,male
Francesco Torretti,,
N. N. detto l'Accademico Moschino,,
Livio Rocco,,
Tirinto Accademico Rinato,,
Andrea Abbattonio,,
Negrone,,
Antonio Nucci,,
Lelio Mancini,,
Accademico Principiante,,
Antonio Maria Campeggi,,
Giovanni Francesco Marcello,,
Giuseppe Salio,Q40687099,male
Niccolò Margantoni,,
Francesco Arrigoni,Q21542375,male
Giulio Maria Gatti,,
Lorenzo Cerasoli,,
Tommaso Verneri,,
Angelo Grossi,,
G. I. S.,,
Pietro Cotta,Q87268492,male
Simone Balsarino,,
Berlingero Gessi,,
Agostino delli Pennacchi,,
Marcello Roncaglia,,
Usiero Rosati,,
Orazio Leotardo,,
Ridolfo de Mori,,
Camillo Gessi,Q94918792,male
Guarino Guarini,Q323281,male
Giovanni Roncaglia,,
Lazzaro Agostino Cotta,Q63034153,male
Giambattista Guizzardi,,
Girolamo Cariddi,,
Aristophanes,Q43353,male
Giovanni Giacomo Ricci,,
Bartolomeo Malombra,,
Angelo degl'Oldradi,,
Giovanni Giacinto Ricci,,
Francesco Bocchino,,
Francesco Baeli,,
Giovanni Francesco Parigiano,,
Antonio Basso,Q3619229,male
Niccolò Alticozio,,
Filippo Francesco d'Este,Q29545621,male
Domenico Rossi,,
Filippo Itto,,
Giuseppe Leggiadro Galanni,,
Orazio Perfetti,,
Doroteo de' Magri,,
Giovanni Pietro Petrone,,
Alfonso Guarini,Q88472451,male
Giambattista Guerniere,,
Sebastiano Fantone Castruccio,,
Borso Argenti,Q86837482,male
Gino Angelo Capponi,Q31074966,male
Giulio Cesare Procaccini,Q1119589,male
Poliziano Mancini,Q34485409,male
G. P.,,
Girolamo Lunensi,,
Arcadio Berlinzi,,
Antonio del Giudice,Q606143,male
Isabella Mestrilli,,female
Tommaso Barbaro,,
Gaetano Zati,,
Gasparo Asiani,,
Gianfrancesco,,
Gaspero Cesana,,
Giovanni Paolo Landarini,,
Accademico Acceso di Lucca,,
Cristoforo Mercadanti,,
Diamante Gabrieli,,
Ottone Ageni,,
Giambatista Ranucci,,
Dionisio Guazzoni,,
Ferdinando Bevilacqua,,
Girolamo Campana,,
Procolo Assanti,,
Aurelio Schioppi,,
Francesco Vinta,,
Fabrizio Marrotta,,
Virgilio Puccitelli,Q56043193,male
Gennaro Paolella,,
Aniello Paulella,,
Elvezio Sandri,,
Giuseppe di Bernardo,,
Cesare de' Leonardis,,
Claudio Forzatè,,
Carlo Ruggieri,,
Leone Rossi,,
Giovanni Chiericato,,
Pietro Ingegneri,,
Gentilesco Gregoli,,
Andrea Volpino,,
Giacomo Pagnini,,
Francesco Miedel,,
Antonio Zanelli,,
Giambattista Sanuti Pellicani,,
Santo Laurente,,
Pandolfo Sprani,,
Accademici Innominati di Firenze,,
Lorenzo Verlato,,
Giuseppe Malatesta Garuffi,Q3770860,male
Niccolò Pavaroni,,
Angelo Cenni,Q67440269,male
Romano Marighi,,
Giulio Cesare Cortese,Q3769565,male
Francesco Folchi,,
Ottavio Malvezzi,,
Bartolomeo Pedoni,,
Tobia de' Ferrari,,
Ginnesio Soderini,,
Giovanni Oranti,,
Daniele Teofilo Piccigallo,,
Paolo Capogreco,,
Angelo degli Oldradi,,
Orazio Comite Beneventano,,
Battista Brunelleschi,Q121133955,
Ippolito Salviano,,
Lorenzo Stellando,,
Catuffio Panchianio,,
Antonio Mirandola,Q109876861,male
Andrea Minutolo,,
Agostino Beccari,Q20534656,male
Paolo Belli,Q110215364,male
Giovanni Francesco Manzoni,Q121297282,male
Francesco Maria Dario,,
Dionisio Brancati,,
Francesco Geronimo Prenesti,,
Giuseppe Stecco,,
Girolamo Ronconi,,
Recupido Macchiavella,,
Antonio Scillano,,
Domenico Lazzarini,Q27435874,male
Alessandro Roselli,Q115546272,male
Girolamo da Carpi,Q2701846,male
Malatesta Porta,,
Carlo Maderni,,
Giovanni Maria Avanzi,Q55225192,male
Vincenzo Pio Arcadio,,
Agostino Sanpier,,
Pier' Antonio Legacci,,
Antonio Cataneo,,
Alessandro Salvio,Q434318,male
Adriano Banchieri,Q347804,male
Bellisario Bulgarini,Q55226085,male
Troilo Lancetta,,
Alessandro Benedetti,,
Apollo Massici,,
Podalirio Podaliri,,
Assuero Rettori,,
Giacomo Cordelli,Q19288497,male
Luca Carli,Q110815031,male
Francesco Ippoliti,,
Carlo Rota,Q608695,male
Bartolomeo Lupardi,Q104283270,male
Giovanni Francesco Bortolotti,,
Napoleon dalla Luna,,
Federico Crominaolo,,
Ottaviano Janida,,
M. P. S.,,
Giambattista Viscardo,,
Filippo Rocco,,
Vincenzo Geremia,Q4013294,male
Francesco Scarselli,,
Antonio Girapoli,,
Ottonello De' Belli,Q124985602,male
Nicola Sabbioni,,
Giambattista Benedetti,,
Orazio Lancelloti,,
Giuseppe Manfredi,,
Lodovico Fenarolo,,
Orsetta Pellegrini,,
Ventura Terzago,Q94834741,male
Pietro Lunardi,Q1055104,male
Giulio Celare Monti,,
Bernardino Azzi,,
Pietr'Antonio Rovislari,,
Pietro Robert,,
Agostino Argenti,Q3606714,male
Orazio Pugliese,,
Anton Francesco Doni,Q601844,male
Antonio Uso di Mare,,
Giovanni Grimani,Q87187400,male
Alessandro Turramini,,
Enrico Bissaro,,
Bernardino Cenati,,
Gian Giorgio Trissino,Q436738,male
Spino Talucci,,
Accademici Sfaccendati,,
Giovan Domenico Peri,Q3766116,male
Niccolò Zoppio Turchi,,
Galeotto dal Carretto,,
L. P.,,
Giovanni Antonio Gessan,,
Brancaleone Masotti,,
Domenico Fortuna,,
Angelo Leonico,Q87746451,male
Maurizio Barracco,,
Tiborzio Sacco,,
Massimo Ferroni,Q95896365,male
Pietro Lupi,,
Pietro Girolamo Gentile Riccio,Q106684896,male
Bernardino Bizzarri,,
D. G.,,
Paolo Sisinio,,
Paolo Serenio Bartolucci,,
Francesco Revelli,,
Felice Arduini,,female
Vincislao Calvi,,
Valacca da Sarope,,
Filippo Clemente,,
Pastore Incognito,,
Giammaria Cecchi,,
Annibale Caro,Q566851,male
Giambattista Ruffini,,
Francesco Pier Guidi,,
Carlo Saraceni,Q938607,male
Francesco Zavoni,,
Flamminio Ruschi,,
Carlo Maria Micheli,,
Marco Amerighi,,
Nicodemo di Fiorenza,,
Giuseppe Maria Ercolani,Q3770909,male
Benedetto Varchi,Q176833,male
Decio Memmoli,Q24251172,male
Francesco Gemma,,
Ambrogio Leoni,,
Giambattista Velo,,
Ottanio Asinari,,
Andrea Fiamma,Q113844830,male
Susanna Christina Cosmerovius,Q106080028,female
Domenico Benedetti,,
M. P.,,
Sebastiano Gaudio,,
Pietro Francesco Manfredo Trecchi,,
Flamminio Malegazzi,,
Paolo Fei,,
Serafino Filocalo d'Arzè,,
Giuseppe Castaldo,,
Agostino Faustini,,
Francesco Giattini,,
Pier Antonio Toniani,,
Alessandro Pegolotti,Q15629920,male
Michelangelo Mercuri,,
Simone Vagnoni,,
Gregorio Chiave,,
Fabio Ametrano,,
Gioseppe Santa Fiore,,
Giovanni Domenico Pallavicini,Q113950113,male
Luca Antonio Casar,,
Matteo Maria Boiardo,Q319557,male
Giovanni Manetti,Q93221006,male
Giovanni Mocenigo,Q538920,male
Pietro Cresci,Q110682238,male
Giambattista Pona,,
Baldassarre Castiglione,Q211133,male
Cangiato Accademico Unanime di Salò,,
Giambattista Mancinelli,,
Francesco Battistella,,
Antonio Maria Prati,,
Domenico Geri,,
Giovanni Vittorio de' Rossi,,
Francesco Mico,,
Timido Accademico Dubbioso,,
Pier Antonio Legazzi,,
Antonio Medolago,,
Biagio Brina,,
Matteo Anna,,
Giammaria Piantini,,
Farnabio Gioachino Annutini,,
Pietro Matteazzi,,
Alessandro Benetti,Q100906497,male
Biagio de Avitabile,,
Santo Aricci,,
Gentiluomo senese,,
Biagio Maggi,,
Angiolo Vandani,,
Giambattista Candi,,
Claudio Cornelio Frangipani,,
Giuseppe Baroncini,,
Andrea Rosello,,
Gregorio Urbani,,
Luigi Eredia,Q48809843,male
Giuseppe Spedazzi,,
Camillo Morello,,
Ercole Marliani,,
Agostino Ricchi,Q29867393,male
Fabio Ottinelli,Q106160653,male
Ridolfo Martellini,,
Agnolo Firenzuola,Q302218,male
Angiolo Alatini,,
Andrea Ferraro,,
Giambattista Grasseo,,
Alessandro Terzi,,
Giambattista Diana Paleologo,,
Giambattista Roselli,,
Giuseppe Scoma,,
Giovanni Giacomo Ginnari,,
Cesare Tomeo,,
Clement IX,Q155961,male
Flaminio Temporini,,
Geronimo d'Aralia,,
Francesco Palma,,
Paolo Castelli,Q41568686,male
Pietro Paolo Platania,,
Orazio Falteri,,
Celio Magno,Q3664263,male
Ettore Secondino Albergante,Q7002582,male
Girolamo Cabassi,,
Andrea Cecchini,Q107400639,male
Gioachino Bona e Fardella,,
Lodovico Martelli,Q19357719,male
Ippolito Pratissoli,,
Pietro Carocci,,
Decio Crisignano,,
Antonio da Imola,Q97572176,male
Bastiano Linaiuolo,,
Antonio Pietro di Mico,,
Luca Rizzi,,
Osvaldo Fanese,,
Giovanni Battista Sogliani,,
Giovan Battista Cini,Q3106940,male
Niccolò Buonaparte,Q3339571,male
Antioco Pinsuti,,
Domenico Severini,,
Niccolò Enea Bartolini,,
Antonio Scappi,,
Merindo Fesanio,,
Cocalin dei Cocalini,,
Epompo Narselli,,
Luigi Zorzisto,,
Bernardino Santinelli Brancaleoni,,
Camillo Volpelli,,
Tomás Sánchez,Q1168867,male
Selvaggio Accademico Pacifico,,
Mauro Ruggieri,,
Convittori del Collegio de Nobili,,
Giovan Battista Bregazzano,,
Geremia Sinistraro,,
Giovanni Taustii,,
Giovanni Beltrando di Benedetto,,
Giambattista Querzoli,,
Cesare Ventimonte,,
Vigoroso Accademico Unito di Cortona,,
Bernardo Accolti,Q2709370,male
Raffaello Gualterotti,Q17285000,male
Angiolo Graziosi,,
Pirro Graziani,,
Giacomo Scafili,,
Emilio Fei,,
Bernardo Monseccato,,
Andrea Perbenedetti,Q113845891,male
Alessandro Guarnelli,Q86836130,male
Filippo Ritondi,,
Giovanni Battista Calamai,Q98185511,male
Girolamo Corbelli,,
Giovanni Ciampoli,Q322940,male
Ciro di Pers,Q3678183,male
Economico Accademico Intronato,,
Michelangelo Giunti,,
Francesco Moneti,,
Giovanni Nicolo Boldoni,Q55225726,male
Girolamo Vielmi,Q68904398,male
Gelasio Sgambati,,
Melchior Basso da Cora,,
Valerio Comi,,
Lorenzo Vitturi,Q68912187,male
Vincenzo Rota,Q96096914,male
Domenico Barone,Q3712901,male
Giovanni Carlo Paganicesa,,
Pietro Chiari,Q1968978,male
Paolo Antonio Rolli,Q726893,male
Antonio Chiarelli Panvini,,
Capriccioso,,
Ambrogi Gesuita,,
Lorenzo Guazzesi,Q21529023,male
Cristoforo Guidiccioni,,
Vaccina,,
Cesare Comi,,
Girolamo Ringhieri,,
Gregorio Redi,Q55904160,male
M.,,
Silvani,,
Ferrante Agnelli,,
Gaetano Casali,Q16558319,male
Lettor Ringhieri,,
Orsola Biancolelli,,female
Giuseppe Maria Priani,Q17484879,male
Anton Filippo Adami,Q3618850,male
Giambattista Zambetti,,
Antonio Maria Ambrogi,Q3618874,male
Franchi,,
Venanzio Bevilacqua,,
Sabbatini,,
Tommaso Sant'Agostini,,
Giacomo Galeazzi,Q17328268,male
Neri di Bicci,Q1452198,male
Desioso Insipido,,
Scipione Cigala,,
Giuseppe P,,
Giuseppe Costantini,,
Alfonso Francesco Donnoli,Q94874953,male
Morselli,,
Madama N. N.,,
Louis de Bonis,Q1872059,male
Antonio Dattorno,,
Alfonso Varano,Q3611259,male
Flaminio Scarselli,Q54854824,male
Salvador Riva,,
Roncini,,
Giacomo Brunozzi,,
Antonio Giulio Brignole Sale,Q113541643,
Simone Gravi,,
Giuseppe Giberti,,
Domenico Luzzacini,,
Tommaso Malipiero,,
Niccolò Maria Selva,,
Gandini,,
Franceschini,,
Ambrogio Grigioni,,
Silvani e Lalli,,
Giambattista Reggiani,,
Lazzero Pareto,,
anonymous,Q4233718,
Appiano Buonafede,Q621023,male
Barlocci,,
Prospero Desolieri,,
Giovanni Battista Salvati,,
Jolia Sinoni,,
Carlo Virginio Draghi,Q55227205,male
Oliviero Gatti,Q3881870,male
Girolamo Abbati,Q110914811,male
Daniele Giupponi,,
M. Destouches,,
Carlo Gandini,Q86682326,male
Presepio Presepi Pastignani,,
Pietro Antonio Epifani,,
Franz Grisellini,Q94619125,male
A. N. A.,,
Luigi Bernardo Salvoni,Q98508158,male
Pio del Borgo,,
Enrico Girolami,,
Giambatista Riccheti,,
Serafino Giustiniani,,
"Giovanni Andrea Zanotti, detto Ottavio",,
Giovanni Fiorini,,
Maria Isabella Dosi Grati,Q98545324,female
Pompilio Miti,,
Daniel Florio,,
Rota,,
Niccolò Castelli,Q27903896,male
Angiola d'Orso,,
Lorenzo Bonnassi,,
Giambattista Luzzarani,,
Onofrio da Cusmo,,
Melchiore Cesarotti,Q919900,male
Girolamo Andrea Lorenzani,,
Pietro,,
Pietro Francesco Trecco,,
Giovanni Carlo Solaro,,
Giacinto Cini,,
Laureto Lauri,,
Giovanni Maria Alessandrini,,
Catuffio Panchianio Bubulco,,
Giambattista Tosseli,,
A. C. Z. P. A.,,
Benedetto Maruspini,,
Valcerca,,
Bernardino Antonio Borliari,,
Giulio Ruccellai,,
Lemene,,
Pellegrino Rent,,
Urbano Ricci,,
Bartolomeo Banicchi,,
Giambattista Cartari,,
Badl.,,
Colatelli,,
Incogniti,,
David Gello,,
Giuseppe Imer,Q3770748,male
Monaceni,,
Bernardino Santinelli,,
Lotario Cimalba,,
Giuseppe Diamante,Q125210922,male
Jean Rotrou,Q561715,male
Valentino Rossi,Q169814,male
Giuseppe Finoti,,
Ambrogi,,
